Data,Ora,Casa,Ospite,Norm_Casa,Norm_Ospite,Chiave_Casa,Chiave_Ospite,Pron_Statarea,Pron_WebPron,Pron_Combinato,P1,PX,P2,Over15,Over25,BTTS,Quota_WP,Mercato_P1,Mercato_PX,Mercato_P2,Mercato_Visto_Il,Vista_Il,Gol_Casa,Gol_Ospite,Esito,Risultato_Da
2026-10-09,00:30,Ceara,Criciuma,ceara,criciuma,ceara.png,criciuma.png,2,12,12,36,28,36,72,47,49,1.32,,,,,2026-10-09 19:15,1,0,1,Betimate
2026-10-09,00:30,Nautico Recife,Novorizontino,nautico recife,novorizontino,nautico-recife.png,gremio-novorizontino.png,2,12,12,31,29,40,85,58,56,1.22,,,,,2026-10-09 19:15,,,,
2026-10-09,01:00,Atletico Paranaense,Atletico Mineiro,atletico paranaense,atletico mineiro,athletico-paranaense.png,atletico-mineiro.png,1X,1,1X,45,30,25,68,41,46,2.16,,,,,2026-10-09 19:15,2,2,X,Betimate
2026-10-09,01:05,Atletico Nacional,Deportes Tolima,atletico nacional,deportes tolima,atletico-nacional.png,deportes-tolima.png,1,1,1,55,26,19,80,57,59,1.63,,,,,2026-10-09 19:15,,,,
2026-10-09,02:30,Fluminense,Coritiba,fluminense,coritiba,fluminense.png,coritiba.png,1,12,12,56,28,16,84,57,50,1.21,,,,,2026-10-09 19:15,4,0,1,FootyMetrics
2026-10-09,02:30,Palmeiras,Bahia,palmeiras,bahia,palmeiras.png,bahia.png,1,1,1,55,27,18,86,59,54,1.58,,,,,2026-10-09 19:15,1,0,1,FootyMetrics
2026-10-09,03:00,Alebrijes De Oaxaca,Correcaminos UAT,alebrijes de oaxaca,correcaminos uat,alebrijes-de-oaxaca.png,correcaminos-uat.png,1X,1X,1X,43,30,27,81,62,65,2.03,,,,,2026-10-09 19:15,,,,
2026-10-09,03:00,Antigua GFC,CSD Municipal,antigua gfc,csd municipal,,,12,12,12,44,26,30,76,47,55,1.31,,,,,2026-10-09 19:15,1,1,X,Betimate
2026-10-09,07:00,Suwon City FC,Hwaseong FC,suwon city,hwaseong,suwon-city.png,hwaseong.png,1X,1X,1X,44,35,21,89,62,62,1.23,,,,,2026-10-09 19:15,,,,
2026-10-09,09:30,Incheon United,Pohang Steelers,incheon united,pohang steelers,incheon-united.png,pohang-steelers.png,X,X,X,40,32,28,72,45,49,3.06,,,,,2026-10-09 19:15,3,0,1,FootyMetrics
2026-10-09,10:30,Persik Kediri,Madura United,persik kediri,madura united,persik-kediri.png,madura-united.png,1,12,12,47,24,29,77,64,63,1.24,,,,,2026-10-09 19:15,2,0,1,Betimate
2026-10-09,11:30,Sagamihara,Kamatamare Sanuki,sagamihara,kamatamare sanuki,sagamihara.png,kamatamare-sanuki.png,1,1X,1X,56,28,16,79,57,59,1.1,,,,,2026-10-09 19:15,3,2,1,Betimate
2026-10-09,12:00,Kashima Antlers,G-Osaka,kashima antlers,g-osaka,,,1,1,1,52,26,22,84,64,60,1.69,,,,,2026-10-09 19:15,,,,
2026-10-09,12:00,Kashiwa Reysol,Vissel Kobe,kashiwa reysol,vissel kobe,kashiwa-reysol.png,vissel-kobe.png,1,12,12,50,23,27,77,50,50,1.32,,,,,2026-10-09 19:15,4,2,1,FootyMetrics
2026-10-09,13:00,Ratchaburi,Sukhothai FC,ratchaburi,sukhothai,ratchaburi.png,sukhothai.png,1,1,1,68,19,13,83,57,53,1.33,,,,,2026-10-09 19:15,6,0,1,Betimate
2026-10-09,14:00,FK Lovcen,Jedinstvo Bijelo Polje,lovcen,jedinstvo bijelo polje,,,2,12,12,29,28,43,76,52,53,1.29,,,,,2026-10-09 19:15,2,0,1,Betimate
2026-10-09,14:30,Veres,Shakhter Donetsk,veres,shakhter donetsk,,,2,2,2,16,25,59,87,59,50,1.33,,,,,2026-10-09 19:15,,,,
2026-10-09,15:00,Ironi Modiin,Hapoel Afula,ironi modiin,hapoel afula,ironi-modiin.png,hapoel-afula.png,X2,X2,X2,32,31,37,80,56,66,1.33,,,,,2026-10-09 19:15,1,2,2,Betimate
2026-10-09,15:00,SC Kafr Qasim,Bnei Yehuda Tel Aviv,kafr qasim,bnei yehuda tel aviv,,,2,2,2,21,26,53,89,66,58,1.39,,,,,2026-10-09 19:15,,,,
2026-10-09,15:15,Chadormalu Ardakan Sc,Kheybar Khorramabad,chadormalu ardakan,kheybar khorramabad,,,1X,1,1X,42,31,27,62,39,41,2.43,,,,,2026-10-09 19:15,,,,
2026-10-09,15:30,Kokand 1912,Mash al Mubarek,kokand 1912,mash al mubarek,,,1,1X,1X,73,21,6,83,54,50,1.02,,,,,2026-10-09 19:15,,,,
2026-10-09,15:30,Mladost Zdralovi,HNK Cibalia,mladost zdralovi,hnk cibalia,,,1X,1X,1X,42,33,25,83,56,58,1.27,,,,,2026-10-09 19:15,2,1,1,Betimate
2026-10-09,15:30,Opatija,Kustosija,opatija,kustosija,opatija.png,kustosija.png,1X,X,1X,43,32,25,63,40,44,3.22,,,,,2026-10-09 19:15,,,,
2026-10-09,15:50,Al Kholood,Al-Qadisiyah,al kholood,al-qadisiyah,,,2,2,2,24,27,49,90,70,61,1.42,,,,,2026-10-09 19:15,,,,
2026-10-09,16:00,FK Buxoro,FK Andijan,buxoro,andijan,buxoro.png,andijan.png,1,1X,1X,51,25,24,73,52,50,1.36,,,,,2026-10-09 19:15,3,2,1,Betimate
2026-10-09,16:00,Pakhtakor,FC Bunyodkor,pakhtakor,bunyodkor,pakhtakor.png,bunyodkor.png,1,1,1,72,20,8,81,66,47,1.17,,,,,2026-10-09 19:15,,,,
2026-10-09,16:00,Sivasspor,Pendikspor,sivasspor,pendikspor,sivasspor.png,pendikspor.png,X,1X,1X,37,35,28,88,57,62,1.35,,,,,2026-10-09 19:15,4,1,1,FootyMetrics
2026-10-09,16:30,Be1 Nfa,Dainava Alytus,be1 nfa,dainava alytus,,,1,1X,1X,47,26,27,82,54,56,1.22,,,,,2026-10-09 19:15,,,,
2026-10-09,16:30,Nasaf Qarshi,Dinamo Samarqand,nasaf qarshi,dinamo samarqand,,,1,12,12,51,27,22,86,64,61,1.23,,,,,2026-10-09 19:15,2,1,1,Betimate
2026-10-09,17:00,Corvinul Hunedoara,FC Voluntari,corvinul hunedoara,voluntari,corvinul-hunedoara.png,voluntari.png,1,12,12,59,21,20,87,58,47,1.22,,,,,2026-10-09 19:15,3,2,1,FootyMetrics
2026-10-09,18:00,Arsenal Dzerzhinsk,Dinamo Brest,arsenal dzerzhinsk,dinamo brest,,,2,2,2,18,24,58,86,66,52,1.53,,,,,2026-10-09 19:15,,,,
2026-10-09,18:00,FC Fastav Zlin,Slavia Praha,fastav zlin,slavia praha,,,2,2,2,15,16,69,90,67,48,1.25,,,,,2026-10-09 19:15,,,,
2026-10-09,18:00,Haka,PK-35 Vantaa,haka,pk-35 vantaa,,,2,2,2,39,25,36,88,60,46,3.22,,,,,2026-10-09 19:15,,,,
2026-10-09,18:00,JaPS,Jippo,japs,jippo,japs.png,jippo.png,2,12,12,31,25,44,69,47,44,1.2,,,,,2026-10-09 19:15,0,4,2,Betimate
2026-10-09,18:00,Karmiotissa Polemidion,Omonia,karmiotissa polemidion,omonia,,,2,12,12,17,23,60,91,65,39,1.08,,,,,2026-10-09 19:15,,,,
2026-10-09,18:00,Katsina United,Enyimba,katsina united,enyimba,katsina-united.png,enyimba.png,1X,1,1X,54,30,16,69,37,43,1.48,,,,,2026-10-09 19:15,,,,
2026-10-09,18:00,Taborsko,Karvina,taborsko,karvina,,,2,12,12,34,27,39,88,71,56,1.23,,,,,2026-10-09 19:15,,,,
2026-10-09,18:00,Usti Nad Labem,Opava,usti nad labem,opava,usti-nad-labem.png,opava.png,1X,1,1X,50,31,19,85,62,66,1.97,,,,,2026-10-09 19:15,2,3,2,Betimate
2026-10-09,18:00,Vejle,Hvidovre,vejle,hvidovre,vejle.png,hvidovre.png,1,12,12,58,27,15,92,76,70,1.23,,,,,2026-10-09 19:15,1,2,2,Betimate
2026-10-09,18:00,Vysocina Jihlava,Prostejov,vysocina jihlava,prostejov,vysocina-jihlava.png,prostejov.png,1,12,12,55,26,19,89,66,55,1.16,,,,,2026-10-09 19:15,2,2,X,Betimate
2026-10-09,18:00,Wieczysta Krakow,Wisla Plock,wieczysta krakow,wisla plock,wieczysta-krakow.png,wisla-plock.png,2,X2,X2,40,29,31,89,67,64,1.66,,,,,2026-10-09 19:15,3,0,1,FootyMetrics
2026-10-09,18:30,FC Heidenheim,FC Kaiserslautern,heidenheim,kaiserslautern,heidenheim.png,kaiserslautern.png,1,12,12,57,21,22,79,62,57,1.22,,,,,2026-10-09 19:15,0,0,X,FootyMetrics
2026-10-09,18:30,FC Rostov,Akron Togliatti,rostov,akron togliatti,,,X,X,X,40,32,28,87,51,50,3.72,,,,,2026-10-09 19:15,,,,
2026-10-09,19:00,Brann,Viking,brann,viking,brann.png,viking.png,2,12,12,31,29,40,89,72,70,1.23,,,,,2026-10-09 19:15,0,2,2,FootyMetrics
2026-10-09,19:00,FC Nordsjaelland,Odense,nordsjaelland,odense,nordsjaelland.png,odense-boldklub-ob.png,1,1,1,59,24,17,89,67,60,1.48,,,,,2026-10-09 19:15,0,0,X,FootyMetrics
2026-10-09,19:00,Galatasaray,Kasimpasa,galatasaray,kasimpasa,galatasaray.png,kasimpasa.png,1,12,12,62,22,16,93,75,61,1.13,,,,,2026-10-09 19:15,3,1,1,FootyMetrics
2026-10-09,19:00,IFK Goteborg,Vaesteraas IK,ifk goteborg,vaesteraas ik,,,1,12,12,47,24,29,90,74,65,1.21,,,,,2026-10-09 19:15,,,,
2026-10-09,19:00,Preussen Munster,Rot-Weiss Essen,preussen munster,rot-weiss essen,preussen-munster.png,rot-weiss-essen.png,X2,X,X2,29,30,41,88,69,71,3.65,,,,,2026-10-09 19:15,3,3,X,Betimate
2026-10-09,19:00,Sollentuna FK,IFK Stocksund,sollentuna,ifk stocksund,sollentuna.png,ifk-stocksund.png,1,1,1,53,23,24,89,70,74,1.6,,,,,2026-10-09 19:15,,,,
2026-10-09,19:00,Umraniyespor,Sariyer,umraniyespor,sariyer,umraniyespor.png,sariyer.png,X2,X,X2,32,34,34,70,46,50,3.12,,,,,2026-10-09 19:15,1,1,X,FootyMetrics
2026-10-09,19:30,Neuchatel Xamax FC,FC Winterthur,neuchatel xamax,winterthur,neuchatel-xamax-fcs.png,winterthur.png,2,12,12,32,27,41,92,75,65,1.18,,,,,2026-10-09 19:15,3,0,1,Betimate
2026-10-09,19:30,SC Kriens,FC Wil 1900,kriens,wil 1900,,,1,1,1,48,28,24,93,65,60,2.34,,,,,2026-10-09 19:15,1,1,X,Betimate
2026-10-09,20:00,Montpellier,Grenoble Foot 38,montpellier,grenoble foot 38,montpellier.png,grenoble-foot-38.png,1,12,12,59,25,16,79,61,54,1.23,,,,,2026-10-09 19:15,2,0,1,FootyMetrics
2026-10-09,20:00,Nancy,Guingamp,nancy,guingamp,nancy-lorraine.png,ea-guingamp.png,1X,1X,1X,45,30,25,82,61,68,1.26,,,,,2026-10-09 19:15,1,0,1,FootyMetrics
2026-10-09,20:00,Pau,Laval,pau,laval,pau.png,laval.png,1X,1X,1X,45,31,24,79,49,57,1.26,,,,,2026-10-09 19:15,3,2,1,FootyMetrics
2026-10-09,20:00,Sochaux,Boulogne,sochaux,boulogne,sochaux.png,boulogne.png,1X,1,1X,46,34,20,63,34,40,2.31,,,,,2026-10-09 19:15,1,1,X,FootyMetrics
2026-10-09,20:15,Etoile-Carouge FC,Yverdon-Sport FC,etoile-carouge,yverdon-sport,,,X2,X2,X2,25,33,42,82,58,52,1.2,,,,,2026-10-09 19:15,,,,
2026-10-09,20:15,Stade Nyonnais,FC Aarau,stade nyonnais,aarau,stade-nyonnais.png,aarau.png,2,X2,X2,27,23,50,94,79,70,1.08,,,,,2026-10-09 19:15,2,1,1,Betimate
2026-10-09,20:30,Avellino,Sampdoria,avellino,sampdoria,avellino.png,uc-sampdoria.png,1X,1,1X,43,33,24,85,47,48,2.66,,,,,2026-10-09 19:15,4,1,1,FootyMetrics
2026-10-09,20:30,Borussia Dortmund,Werder Bremen,borussia dortmund,werder bremen,borussia-dortmund.png,werder-bremen.png,1,1X,1X,62,21,17,91,69,61,1.09,,,,,2026-10-09 19:15,2,2,X,FootyMetrics
2026-10-09,20:30,Brescia,Pro Vercelli,brescia,pro vercelli,union-brescia.png,pro-vercelli.png,1,1,1,62,27,11,88,57,50,1.35,,,,,2026-10-09 19:15,2,0,1,Betimate
2026-10-09,20:30,First Vienna FC,SKN St. Polten,first vienna,skn st. polten,,,1,12,12,51,26,23,89,64,58,1.25,,,,,2026-10-09 19:15,,,,
2026-10-09,20:30,Podbeskidzie,Pogon Siedlce,podbeskidzie,pogon siedlce,podbeskidzie-bielsko-biala.png,pogon-siedlce.png,1,1,1,48,27,25,89,63,54,1.76,,,,,2026-10-09 19:15,,,,
2026-10-09,20:45,Athlone Town,Treaty United,athlone town,treaty united,athlone-town.png,treaty-united.png,1,1,1,58,26,16,89,61,48,1.4,,,,,2026-10-09 19:15,1,2,2,Betimate
2026-10-09,20:45,Bala Town,Buckley Town,bala town,buckley town,,,1,12,12,53,23,24,93,70,57,1.12,,,,,2026-10-09 19:15,2,3,2,Betimate
2026-10-09,20:45,Bray Wanderers,Wexford Youths,bray wanderers,wexford youths,,,1,1,1,63,22,15,84,68,56,1.5,,,,,2026-10-09 19:15,,,,
2026-10-09,20:45,Cardiff Metropolitan,Trefelin Bgc,cardiff metropolitan,trefelin bgc,,,1,1X,1X,67,24,9,91,74,47,1.02,,,,,2026-10-09 19:15,,,,
2026-10-09,20:45,Cork City,Finn Harps,cork city,finn harps,cork-city.png,finn-harps.png,1,1,1,82,13,5,95,76,52,1.08,,,,,2026-10-09 19:15,2,0,1,Betimate
2026-10-09,20:45,Haverfordwest County,Caernarfon Town,haverfordwest county,caernarfon town,haverfordwest-county.png,caernarfon-town.png,2,12,12,24,27,49,83,59,56,1.17,,,,,2026-10-09 19:15,1,2,2,Betimate
2026-10-09,20:45,Holywell Town,The New Saints,holywell town,the new saints,holywell-town.png,the-new-saints.png,2,2,2,15,14,71,95,82,45,1.01,,,,,2026-10-09 19:15,,,,
2026-10-09,20:45,Penybont FC,Barry Town,penybont,barry town,penybont.png,barry-town.png,1,12,12,53,20,27,76,54,55,1.2,,,,,2026-10-09 19:15,3,1,1,Betimate
2026-10-09,20:45,Shelbourne,Sligo Rovers,shelbourne,sligo rovers,shelbourne.png,sligo-rovers.png,1,1X,1X,60,24,16,88,60,50,1.04,,,,,2026-10-09 19:15,5,1,1,Betimate
2026-10-09,20:45,Sutton Utd,Boreham Wood,sutton utd,boreham wood,sutton-united.png,boreham-wood.png,2,2,2,25,26,49,86,62,62,1.74,,,,,2026-10-09 19:15,0,2,2,FootyMetrics
2026-10-09,20:45,UCD,Longford Town FC,ucd,longford town,,,1,12,12,50,26,24,81,66,65,1.16,,,,,2026-10-09 19:15,1,1,X,Betimate
2026-10-09,22:00,Montevideo City Torque,Danubio,montevideo city torque,danubio,montevideo-city-torque.png,danubio.png,1,1,1,55,29,16,85,56,45,1.83,,,,,2026-10-09 19:15,1,0,1,FootyMetrics
2026-10-09,22:00,Santarem,Lusitano Evora,santarem,lusitano evora,,,X2,X,X2,30,34,36,73,42,50,2.96,,,,,2026-10-09 19:15,,,,
2026-10-09,23:00,Gimnasia L.P.,Atletico Tucuman,gimnasia l.p.,atletico tucuman,,,1,12,12,44,29,27,63,43,40,1.32,,,,,2026-10-09 19:15,,,,
2026-10-10,01:30,Lexington Sc,FC Tulsa,lexington,tulsa,,,1,1,1,57,26,17,75,52,52,1.64,,,,,2026-10-09 19:15,,,,
2026-10-10,02:45,Union Santa Fe,Defensa Y Justicia,union santa fe,defensa y justicia,union.png,defensa-y-justicia.png,12,12,12,41,27,32,85,56,62,1.34,43.4,29.6,27.0,2026-10-09 19:15,2026-10-09 19:15,,,,
2026-10-10,03:00,Deportivo Garcilaso,Sport Huancayo,deportivo garcilaso,sport huancayo,deportivo-garcilaso.png,sport-huancayo.png,1,1,1,50,26,24,88,68,64,2.27,41.2,30.1,28.7,2026-10-09 19:15,2026-10-09 19:15,,,,
2026-10-10,03:00,Puebla,Leon,puebla,leon,puebla.png,leon.png,X2,X,X2,31,33,36,75,49,62,3.24,,,,,2026-10-09 19:15,,,,
2026-10-10,03:10,Once Caldas,Llaneros,once caldas,llaneros,once-caldas.png,llaneros.png,1,1,1,64,18,18,84,55,45,1.49,63.9,22.2,13.9,2026-10-09 19:15,2026-10-09 19:15,,,,
2026-10-10,04:00,Reboceros de La Piedad,Los Cabos United,reboceros de la piedad,los cabos united,,,1,12,12,53,22,25,84,57,55,1.21,,,,,2026-10-09 19:15,,,,
2026-10-10,04:00,Sporting San Jose,CS Cartagines,sporting san jose,cs cartagines,,,1X,1X,1X,43,33,24,79,49,61,1.28,,,,,2026-10-09 19:15,,,,
2026-10-10,07:00,FC Seoul,Jeju United FC,seoul,jeju united,seoul.png,jeju-united.png,1,12,12,53,25,22,68,51,53,1.21,,,,,2026-10-09 19:15,,,,
2026-10-10,07:00,Kochi United,Nagano Parceiro,kochi united,nagano parceiro,kochi-united.png,nagano-parceiro.png,X2,X,X2,28,33,39,68,44,48,3,,,,,2026-10-09 19:15,,,,
2026-10-10,07:00,Nara Club,Giravanz Kitakyushu,nara club,giravanz kitakyushu,nara-club.png,giravanz-kitakyushu.png,1,1,1,52,26,22,88,71,69,1.92,50.0,24.7,25.3,2026-10-10 01:50,2026-10-09 19:15,,,,
2026-10-10,07:00,Omiya Ardija,Vanraure Hachinohe,omiya ardija,vanraure hachinohe,omiya-ardija.png,vanraure-hachinohe.png,1,1,1,57,24,19,89,66,58,1.57,,,,,2026-10-09 19:15,,,,
2026-10-10,07:00,Sagan Tosu,Fujieda MYFC,sagan tosu,fujieda myfc,sagan-tosu.png,fujieda-myfc.png,12,12,12,42,27,31,85,59,52,1.2,53.2,25.0,21.9,2026-10-10 01:50,2026-10-09 19:15,,,,
2026-10-10,07:00,Tokushima Vortis,FC Imabari,tokushima vortis,imabari,tokushima-vortis.png,imabari.png,1,1,1,51,29,20,87,60,57,2,,,,,2026-10-09 19:15,,,,
2026-10-10,07:00,Yokohama FC,Oita Trinita,yokohama,oita trinita,yokohama.png,oita-trinita.png,1,1,1,53,28,19,75,55,53,1.64,55.8,26.3,17.9,2026-10-10 01:50,2026-10-09 19:15,,,,
2026-10-10,09:00,Ventforet Kofu,Tochigi Uva FC,ventforet kofu,tochigi uva,,,2,2,2,30,29,41,88,63,58,2.13,,,,,2026-10-09 19:15,,,,
2026-10-10,09:30,Cheonan City,Gyeongnam FC,cheonan city,gyeongnam,,,X,X,X,36,39,25,87,45,61,3.18,,,,,2026-10-09 19:15,,,,
2026-10-10,09:30,Sangju Sangmu FC,FC Anyang,sangju sangmu,anyang,sangju-sangmu.png,anyang.png,1X,1X,1X,41,37,22,89,64,64,1.28,,,,,2026-10-09 19:15,,,,
2026-10-10,10:00,CS Comunal Selimbar,Unirea 2004 Slobozia,cs comunal selimbar,unirea 2004 slobozia,,,X,1X,1X,39,35,26,80,44,58,1.38,,,,,2026-10-09 19:15,,,,
2026-10-10,10:00,Cetatea Suceava,Dumbravita,cetatea suceava,dumbravita,cetatea-suceava.png,dumbravita.png,1,1,1,62,24,14,73,50,54,1.36,,,,,2026-10-09 19:15,,,,
2026-10-10,10:00,Chindia Targoviste,Concordia,chindia targoviste,concordia,,,2,2,2,40,19,41,79,65,64,3.82,,,,,2026-10-09 19:15,,,,
2026-10-10,10:00,Metalul Buzau,ASA Targu Mures,metalul buzau,asa targu mures,metalul-buzau.png,asa-targu-mures.png,1,1X,1X,49,26,25,90,61,58,1.3,,,,,2026-10-09 19:15,,,,
2026-10-10,10:30,Arema FC,Bhayangkara FC,arema,bhayangkara,,,1,1,1,50,28,22,87,60,57,2.2,,,,,2026-10-09 19:15,,,,
2026-10-10,10:35,South Melbourne,Melbourne Victory FC,south melbourne,melbourne victory,south-melbourne.png,melbourne-victory.png,2,12,12,31,22,47,89,65,57,1.25,20.5,24.7,54.8,2026-10-10 01:50,2026-10-09 19:15,,,,
2026-10-10,12:00,Kolos Kovalivka,Epitsentr Dunaivtsi,kolos kovalivka,epitsentr dunaivtsi,,,2,12,12,35,29,36,84,63,50,1.34,,,,,2026-10-09 19:15,,,,
2026-10-10,12:00,Kyoto Sanga,Machida Zelvia,kyoto sanga,machida zelvia,kyoto-sanga.png,machida-zelvia.png,2,2,2,24,29,47,87,57,62,1.96,,,,,2026-10-09 19:15,,,,
2026-10-10,12:00,Tondela,Torreense,tondela,torreense,cd-tondela.png,torreense.png,X,X,X,38,33,29,85,53,50,3.1,40.3,29.7,30.1,2026-10-10 01:50,2026-10-09 19:15,,,,
2026-10-10,12:30,Boluspor,Antalyaspor,boluspor,antalyaspor,boluspor.png,antalyaspor.png,2,12,12,25,23,52,89,60,50,1.15,14.6,21.7,63.7,2026-10-10 01:50,2026-10-09 19:15,,,,
2026-10-10,12:30,Eibar B,CD Basconia,eibar b,cd basconia,eibar-b.png,basconia.png,1,12,12,47,27,26,75,61,59,1.21,51.6,25.3,23.2,2026-10-10 01:50,2026-10-09 19:15,,,,
2026-10-10,13:00,BG Pathum United,Ayutthaya United,bg pathum united,ayutthaya united,,,1,12,12,58,21,21,92,72,46,1.12,,,,,2026-10-09 19:15,,,,
2026-10-10,13:00,Darmstadt,Energie Cottbus,darmstadt,energie cottbus,sv-darmstadt-98.png,energie-cottbus.png,X2,X,X2,33,31,36,92,70,59,3.92,42.2,23.4,34.4,2026-10-10 01:50,2026-10-09 19:15,,,,
2026-10-10,13:00,FC Magdeburg,Hannover 96,magdeburg,hannover 96,1-magdeburg.png,hannover-96.png,2,12,12,35,28,37,94,73,67,1.22,38.2,23.1,38.7,2026-10-10 01:50,2026-10-10 01:50,,,,
2026-10-10,13:00,Hai Phong,Thanh Hoa,hai phong,thanh hoa,hai-phong.png,thanh-hoa.png,1X,1,1X,47,31,22,79,49,55,1.8,49.1,29.6,21.3,2026-10-10 01:50,2026-10-10 01:50,,,,
2026-10-10,13:00,Hillerod Fodbold,FC Fredericia,hillerod fodbold,fredericia,,,2,X2,X2,21,27,52,80,58,59,1.11,,,,,2026-10-09 19:15,,,,
2026-10-10,13:00,Leningradets,FC Torpedo Moscow,leningradets,torpedo moscow,,,2,X2,X2,23,28,49,83,51,41,1.14,,,,,2026-10-09 19:15,,,,
2026-10-10,13:00,VfL Osnabruck,Dynamo Dresden,vfl osnabruck,dynamo dresden,vfl-osnabruck.png,dynamo-dresden.png,X2,X2,X2,32,31,37,88,64,59,1.46,,,,,2026-10-09 19:15,,,,
2026-10-10,13:15,FK Zalgiris Vilnius,Suduva Marijampole,zalgiris vilnius,suduva marijampole,zalgiris-vilnius.png,suduva.png,12,12,12,42,27,31,83,64,58,1.23,,,,,2026-10-09 19:15,,,,
2026-10-10,13:30,Altrincham,Aldershot Town,altrincham,aldershot town,altrincham.png,aldershot-town.png,1,12,12,48,25,27,77,61,62,1.19,51.2,24.5,24.3,2026-10-10 01:50,2026-10-09 19:15,,,,
2026-10-10,13:30,Arsenal,Leeds,arsenal,leeds,arsenal.png,leeds-united.png,1,12,12,60,23,17,89,66,48,1.21,66.9,19.2,13.9,2026-10-10 01:50,2026-10-09 19:15,,,,
2026-10-10,13:30,Buriram United,Rayong FC,buriram united,rayong,buriram-united.png,rayong.png,1,1,1,75,16,9,91,77,56,1.17,,,,,2026-10-09 19:15,,,,
2026-10-10,13:30,Charlton,Bristol City,charlton,bristol city,charlton-athletic.png,bristol-city.png,X2,X,X2,32,32,36,72,55,60,3.24,29.6,28.6,41.8,2026-10-10 01:50,2026-10-09 19:15,,,,
2026-10-10,13:30,Esbjerg,Aalborg,esbjerg,aalborg,esbjerg.png,aalborg.png,X2,X2,X2,27,31,42,87,61,64,1.37,32.6,25.4,42.0,2026-10-10 01:50,2026-10-09 19:15,,,,
2026-10-10,13:30,Plymouth,AFC Wimbledon,plymouth,wimbledon,plymouth-argyle.png,wimbledon.png,1,1,1,56,24,20,80,56,55,1.5,65.2,20.4,14.5,2026-10-10 01:50,2026-10-09 19:15,,,,
2026-10-10,13:30,Swindon Town,Crewe,swindon town,crewe,swindon-town.png,crewe-alexandra.png,X2,X,X2,34,35,31,84,60,65,3.38,36.0,26.8,37.2,2026-10-10 01:50,2026-10-09 19:15,,,,
2026-10-10,13:35,Shanghai Shenhua,Yunnan Yukun,shanghai shenhua,yunnan yukun,shanghai-shenhua.png,yunnan-yukun.png,1,12,12,49,25,26,95,84,76,1.17,61.4,18.5,20.1,2026-10-10 01:50,2026-10-09 19:15,,,,
2026-10-10,14:00,Bali United Pusam,Persijap Jepara,bali united pusam,persijap jepara,,,1,1X,1X,61,25,14,75,55,48,1.04,,,,,2026-10-10 01:50,,,,
2026-10-10,14:00,Botev Vratsa,Spartak Varna,botev vratsa,spartak varna,botev-vratsa.png,spartak-varna.png,1,12,12,57,26,17,80,54,37,1.31,52.5,27.9,19.6,2026-10-10 01:50,2026-10-09 19:15,,,,
2026-10-10,14:00,Brabrand,Fremad Amager,brabrand,fremad amager,brabrand.png,fremad-amager.png,X2,X,X2,27,37,36,80,49,62,3.35,,,,,2026-10-09 19:15,,,,
2026-10-10,14:00,Clermont Foot 63,Red Star FC 93,clermont foot 63,red star 93,,,X2,X,X2,24,31,45,78,50,53,3.46,,,,,2026-10-09 19:15,,,,
2026-10-10,14:00,FA 2000,Naestved,fa 2000,naestved,,,2,X2,X2,22,29,49,75,50,65,1.21,,,,,2026-10-09 19:15,,,,
2026-10-10,14:00,FC Wurzburger Kickers,Hansa Rostock,wurzburger kickers,hansa rostock,wurzburger-kickers.png,hansa-rostock.png,12,12,12,44,21,35,89,74,62,1.2,27.6,24.8,47.6,2026-10-10 01:50,2026-10-09 19:15,,,,
2026-10-10,14:00,Jahn Regensburg,TSV Havelse,jahn regensburg,tsv havelse,jahn-regensburg.png,tsv-havelse.png,1,1X,1X,60,17,23,85,73,67,1.12,60.7,20.1,19.2,2026-10-10 01:50,2026-10-09 19:15,,,,
2026-10-10,14:00,Roskilde,Skive,roskilde,skive,roskilde.png,skive.png,1,12,12,46,29,25,80,55,64,1.17,54.4,23.2,22.4,2026-10-10 01:50,2026-10-09 19:15,,,,
2026-10-10,14:00,SV Meppen,VfB Stuttgart II,sv meppen,vfb stuttgart ii,,,1,1X,1X,56,22,22,92,74,70,1.3,,,,,2026-10-09 19:15,,,,
2026-10-10,14:00,Sotra,Kvik Halden,sotra,kvik halden,sotra.png,kvik-halden.png,1,12,12,55,23,22,87,69,57,1.13,63.1,20.5,16.4,2026-10-10 01:50,2026-10-10 01:50,,,,
2026-10-10,14:30,Bari,Giugliano,bari,giugliano,ssc-bari.png,giugliano.png,1,1,1,64,25,11,79,46,35,,62.2,24.5,13.3,2026-10-10 01:50,2026-10-09 19:15,,,,
2026-10-10,14:30,Casertana,Monopoli,casertana,monopoli,casertana.png,monopoli.png,1X,1X,1X,45,36,19,66,44,55,,46.7,30.0,23.3,2026-10-10 01:50,2026-10-09 19:15,,,,
2026-10-10,14:30,Pergolettese,Carpi,pergolettese,carpi,pergolettese.png,carpi.png,1X,1X,1X,42,32,26,81,56,42,1.23,42.9,30.8,26.3,2026-10-10 01:50,2026-10-09 19:15,,,,
2026-10-10,14:30,Vis Pesaro,Grosseto,vis pesaro,grosseto,vis-pesaro.png,grosseto.png,2,2,2,24,23,53,71,58,55,,29.8,26.1,44.1,2026-10-10 01:50,2026-10-09 19:15,,,,
2026-10-10,14:45,Cracovia Krakow,Zaglebie Lubin,cracovia krakow,zaglebie lubin,,,1,12,12,44,29,27,74,45,53,1.25,,,,,2026-10-09 19:15,,,,
2026-10-10,14:45,Vasas,Kisvarda,vasas,kisvarda,vasas.png,kisvarda.png,1,1X,1X,57,24,19,89,72,67,1.16,54.7,23.7,21.5,2026-10-10 01:50,2026-10-09 19:15,,,,
2026-10-10,15:00,AIK Stockholm,IF Brommapojkarna,aik stockholm,brommapojkarna,,,1,1,1,49,26,25,90,74,65,1.88,,,,,2026-10-09 19:15,,,,
2026-10-10,15:00,Alanyaspor,Erzurum BB,alanyaspor,erzurum bb,,,1X,1X,1X,46,32,22,83,59,50,1.28,,,,,2026-10-09 19:15,,,,
2026-10-10,15:00,Amarante,Portimonense,amarante,portimonense,amarante.png,portimonense.png,X,1X,1X,39,33,28,72,42,40,1.4,35.7,30.3,33.9,2026-10-10 01:50,2026-10-09 19:15,,,,
2026-10-10,15:00,B93 Copenhagen,Middelfart,b93 copenhagen,middelfart,,,1X,X,1X,43,32,25,85,55,65,3.38,,,,,2026-10-09 19:15,,,,
2026-10-10,15:00,Benevento,Cesena,benevento,cesena,benevento.png,cesena.png,1X,1,1X,50,35,15,79,51,54,1.86,51.1,25.7,23.2,2026-10-10 01:50,2026-10-09 19:15,,,,
2026-10-10,15:00,Brno,FK Jablonec,brno,jablonec,,,1,1X,1X,49,27,24,88,59,55,1.42,,,,,2026-10-09 19:15,,,,
2026-10-10,15:00,Empoli,SSD Palermo,empoli,ssd palermo,,,2,12,12,29,29,42,81,47,55,1.28,,,,,2026-10-10 01:50,,,,
2026-10-10,15:00,FK IMT Beograd,Radnik Surdulica,imt beograd,radnik surdulica,,,1X,1,1X,47,34,19,87,50,50,1.78,,,,,2026-10-09 19:15,,,,
2026-10-10,15:00,Genoa,Fiorentina,genoa,fiorentina,genoa.png,fiorentina.png,X2,X2,X2,33,31,36,78,52,55,1.4,30.5,28.2,41.3,2026-10-10 01:50,2026-10-09 19:15,,,,
2026-10-10,15:00,Radomlje,FC Koper,radomlje,koper,radomlje.png,koper.png,2,2,2,19,24,57,84,53,53,1.71,21.9,23.7,54.4,2026-10-10 01:50,2026-10-09 19:15,,,,
2026-10-10,15:00,SK Super Nova,Grobina,super nova,grobina,super-nova.png,grobina.png,1,1X,1X,42,29,29,70,45,48,1.37,37.8,28.1,34.1,2026-10-09 19:15,2026-10-09 19:15,,,,
2026-10-10,15:00,Sudtirol,Ascoli,sudtirol,ascoli,suditrol.png,ascoli.png,X,1X,1X,40,34,26,69,43,51,1.38,37.4,30.3,32.2,2026-10-10 01:50,2026-10-09 19:15,,,,
2026-10-10,15:30,1899 Hoffenheim,Hamburger SV,1899 hoffenheim,hamburger sv,,,1,1,1,57,23,20,90,75,62,1.49,,,,,2026-10-09 19:15,,,,
2026-10-10,15:30,AS Trencin,Dukla Banska Bystrica,trencin,dukla banska bystrica,trencin.png,dukla-banska-bystrica.png,1,12,12,51,23,26,85,62,56,1.23,,,,,2026-10-09 19:15,,,,
2026-10-10,15:30,CA Bizertin,US Monastirienne,ca bizertin,monastirienne,ca-bizertin.png,monastirienne.png,X,1X,1X,34,38,28,57,32,33,,,,,,2026-10-10 01:50,,,,
2026-10-10,15:30,Esperance ST,Olympique Beja,esperance st,olympique beja,,,1,1,1,72,23,5,82,46,33,,,,,,2026-10-10 01:50,,,,
2026-10-10,15:30,FC Augsburg,Bayern Munich,augsburg,bayern munich,augsburg.png,bayern-munich.png,2,2,2,15,16,69,95,85,70,1.19,6.2,9.3,84.6,2026-10-10 01:50,2026-10-09 19:15,,,,
2026-10-10,15:30,FSV Mainz 05,Bayer Leverkusen,fsv mainz 05,bayer leverkusen,mainz-05.png,bayer-leverkusen.png,2,12,12,34,26,40,88,75,69,1.29,32.7,24.6,42.7,2026-10-10 01:50,2026-10-09 19:15,,,,
2026-10-10,15:30,MFK Skalica,Slovan Bratislava,mfk skalica,slovan bratislava,,,2,X2,X2,27,22,51,92,77,64,1.09,,,,,2026-10-09 19:15,,,,
2026-10-10,15:30,Paykan,Shams Azar Qazvin,paykan,shams azar qazvin,paykan.png,shams-azar-qazvin.png,X,1X,1X,40,35,25,65,38,28,1.23,43.5,29.9,26.7,2026-10-10 01:50,2026-10-09 19:15,,,,
2026-10-10,15:30,SC Paderborn 07,VfB Stuttgart,paderborn 07,vfb stuttgart,paderborn-07.png,vfb-stuttgart.png,2,12,12,27,20,53,94,80,65,1.22,18.8,19.4,61.8,2026-10-10 01:50,2026-10-09 19:15,,,,
2026-10-10,15:30,US Ben Guerdane,Club Africain,ben guerdane,club africain,ben-guerdane.png,club-africain.png,X2,X,X2,22,40,38,55,30,31,,16.5,28.5,55.0,2026-10-10 01:50,2026-10-10 01:50,,,,
2026-10-10,15:30,Union Berlin,SV Elversberg,union berlin,sv elversberg,union-berlin.png,sv-elversberg.png,X2,2,X2,37,33,30,90,75,71,2.9,40.8,25.2,34.0,2026-10-10 01:50,2026-10-09 19:15,,,,
2026-10-10,15:30,Vukovar 91,Hrvace,vukovar 91,hrvace,vukovar.png,hrvace.png,1,12,12,50,24,26,77,57,50,1.21,47.3,28.7,24.0,2026-10-10 01:50,2026-10-09 19:15,,,,
2026-10-10,15:30,Ynyshir Albions FC,Llanelli Town AFC,ynyshir albions,llanelli town,ynyshir-albions.png,llanelli-town.png,1,1,1,62,25,13,92,73,56,1.42,,,,,2026-10-09 19:15,,,,
2026-10-10,16:00,AFC Fylde,Scunthorpe,fylde,scunthorpe,fylde.png,scunthorpe.png,1,12,12,54,25,21,91,67,64,1.14,54.4,21.2,24.4,2026-10-10 01:50,2026-10-09 19:15,,,,
2026-10-10,16:00,AFC Hornchurch,Eastleigh,hornchurch,eastleigh,hornchurch.png,eastleigh.png,1,1,1,52,25,23,69,49,49,1.99,46.4,26.3,27.3,2026-10-10 01:50,2026-10-09 19:15,,,,
2026-10-10,16:00,Arbroath,Morton,arbroath,morton,arbroath.png,greenock-morton.png,1,1,1,50,29,21,74,46,45,1.75,53.2,27.0,19.8,2026-10-10 01:50,2026-10-09 19:15,,,,
2026-10-10,16:00,Ayr Utd,Dunfermline,ayr utd,dunfermline,,,2,12,12,37,26,37,80,50,46,1.26,,,,,2026-10-09 19:15,,,,
2026-10-10,16:00,Bate Borisov,Slavia Mozyr,bate borisov,slavia mozyr,bate-borisov.png,slavia-mozyr.png,X2,X,X2,33,34,33,75,44,44,3.08,,,,,2026-10-09 19:15,,,,
2026-10-10,16:00,Bodo/Glimt,Kristiansund BK,bodo/glimt,kristiansund,bodo-glimt.png,kristiansund.png,1,1,1,83,12,5,95,85,56,1.04,93.8,4.4,1.8,2026-10-10 01:50,2026-10-09 19:15,,,,
2026-10-10,16:00,Boston Utd,Southend,boston utd,southend,boston-united.png,southend.png,2,2,2,21,26,53,75,54,63,1.77,23.2,22.8,54.1,2026-10-10 01:50,2026-10-09 19:15,,,,
2026-10-10,16:00,Bradford,Leyton Orient,bradford,leyton orient,bradford-city.png,leyton-orient.png,1,12,12,50,29,21,79,47,57,1.25,55.8,24.8,19.4,2026-10-10 01:50,2026-10-09 19:15,,,,
2026-10-10,16:00,Bristol Rovers,Barnet,bristol rovers,barnet,bristol-rovers.png,barnet.png,12,12,12,42,27,31,86,61,64,1.27,41.4,26.7,31.9,2026-10-10 01:50,2026-10-09 19:15,,,,
2026-10-10,16:00,Cambridge United,Blackpool,cambridge united,blackpool,cambridge-united.png,blackpool.png,1,1,1,47,25,28,91,70,64,2.07,47.4,25.6,27.0,2026-10-10 01:50,2026-10-09 19:15,,,,
2026-10-10,16:00,Cercle Brugge,Anderlecht,cercle brugge,anderlecht,cercle-brugge.png,rsc-anderlecht.png,2,X2,X2,26,27,47,89,64,54,1.31,,,,,2026-10-09 19:15,,,,
2026-10-10,16:00,Chelsea,Bournemouth,chelsea,bournemouth,chelsea.png,bournemouth.png,1,12,12,52,25,23,86,68,65,1.25,57.2,22.5,20.3,2026-10-10 01:50,2026-10-09 19:15,,,,
2026-10-10,16:00,Cheltenham,Salford City,cheltenham,salford city,cheltenham-town.png,salford-city.png,2,12,12,29,28,43,84,64,66,1.22,24.2,24.2,51.6,2026-10-10 01:50,2026-10-09 19:15,,,,
2026-10-10,16:00,Clyde,Dumbarton,clyde,dumbarton,clyde.png,dumbarton.png,1,1,1,58,23,19,93,74,64,1.51,61.9,22.4,15.7,2026-10-10 01:50,2026-10-09 19:15,,,,
2026-10-10,16:00,Cove Rangers,East Fife,cove rangers,east fife,cove-rangers.png,east-fife.png,X,1X,1X,39,33,28,76,46,54,1.28,42.1,28.3,29.6,2026-10-10 01:50,2026-10-09 19:15,,,,
2026-10-10,16:00,Crawley Town,Chesterfield,crawley town,chesterfield,crawley-town.png,chesterfield.png,2,2,2,22,26,52,75,49,51,1.62,19.7,21.7,58.6,2026-10-10 01:50,2026-10-09 19:15,,,,
2026-10-10,16:00,Dacia Buiucani,Sheriff Tiraspol,dacia buiucani,sheriff tiraspol,dacia-buiucani.png,sheriff-tiraspol.png,2,12,12,20,23,57,89,68,45,1.12,8.1,19.5,72.4,2026-10-10 01:50,2026-10-10 01:50,,,,
2026-10-10,16:00,Derby,Wrexham,derby,wrexham,derby-county.png,wrexham.png,X2,X2,X2,29,32,39,68,51,49,1.41,32.0,28.4,39.6,2026-10-10 01:50,2026-10-09 19:15,,,,
2026-10-10,16:00,Doncaster,Burton Albion,doncaster,burton albion,doncaster-rovers.png,burton-albion.png,X2,X,X2,39,30,31,75,46,53,4.05,57.5,22.6,19.9,2026-10-10 01:50,2026-10-09 19:15,,,,
2026-10-10,16:00,Dundee Utd,Hibernian,dundee utd,hibernian,dundee-united.png,hibernian.png,X2,X,X2,35,33,32,80,57,55,3.48,34.9,26.4,38.7,2026-10-10 01:50,2026-10-09 19:15,,,,
2026-10-10,16:00,East Kilbride,Airdrieonians,east kilbride,airdrieonians,east-kilbride.png,airdrieonians.png,1,1X,1X,54,24,22,81,69,61,1.21,51.2,24.6,24.2,2026-10-10 01:50,2026-10-09 19:15,,,,
2026-10-10,16:00,FC Halifax Town,Gateshead,halifax town,gateshead,halifax-town.png,gateshead.png,1,1,1,59,27,14,84,64,57,1.32,71.3,18.5,10.2,2026-10-10 01:50,2026-10-09 19:15,,,,
2026-10-10,16:00,FC Nizhny Novgorod,Yenisey Krasnoyarsk,nizhny novgorod,yenisey krasnoyarsk,,,1,1,1,59,25,16,86,63,56,1.54,,,,,2026-10-09 19:15,,,,
2026-10-10,16:00,Falkirk,Dundee,falkirk,dundee,falkirk.png,dundee.png,12,12,12,41,26,33,80,53,54,1.28,47.2,26.5,26.3,2026-10-10 01:50,2026-10-09 19:15,,,,
2026-10-10,16:00,Fleetwood Town,Walsall,fleetwood town,walsall,fleetwood-town.png,walsall.png,X2,X,X2,40,30,30,75,55,57,3.34,40.1,27.4,32.5,2026-10-10 01:50,2026-10-10 01:50,,,,
2026-10-10,16:00,Forfar Athletic,Elgin City,forfar athletic,elgin city,forfar-athletic.png,elgin-city.png,2,12,12,31,27,42,80,57,50,1.22,27.0,26.6,46.4,2026-10-10 01:50,2026-10-09 19:15,,,,
2026-10-10,16:00,Hearts,St Mirren,hearts,st mirren,heart-of-midlothian.png,st-mirren.png,1,12,12,58,22,20,86,61,53,1.16,,,,,2026-10-09 19:15,,,,
2026-10-10,16:00,Huddersfield,Sheffield Wed,huddersfield,sheffield wed,huddersfield-town.png,sheffield-wednesday.png,1X,1X,1X,45,34,21,87,59,53,1.2,56.5,23.2,20.3,2026-10-10 01:50,2026-10-09 19:15,,,,
2026-10-10,16:00,Karlstad BK,FC Arlanda,karlstad,arlanda,karlstad.png,arlanda.png,12,12,12,41,28,31,79,54,55,1.21,53.1,25.9,21.0,2026-10-10 01:50,2026-10-09 19:15,,,,
2026-10-10,16:00,Leicester,Peterborough,leicester,peterborough,leicester.png,peterborough-united.png,1,12,12,51,23,26,94,65,53,1.18,61.7,19.9,18.5,2026-10-10 01:50,2026-10-09 19:15,,,,
2026-10-10,16:00,Livingston,Partick,livingston,partick,livingston.png,partick-thistle.png,1X,X,1X,41,37,22,77,46,53,3.24,40.5,27.5,32.0,2026-10-10 01:50,2026-10-09 19:15,,,,
2026-10-10,16:00,Mansfield,Bromley,mansfield,bromley,mansfield-town.png,bromley.png,1,1X,1X,55,29,16,84,68,65,1.2,53.8,24.4,21.8,2026-10-10 01:50,2026-10-09 19:15,,,,
2026-10-10,16:00,Montrose,Ross County,montrose,ross county,montrose.png,ross-county.png,2,12,12,25,22,53,90,76,56,1.12,11.4,19.5,69.1,2026-10-10 01:50,2026-10-09 19:15,,,,
2026-10-10,16:00,Peterhead,Queen Of The South,peterhead,queen of the south,peterhead.png,queen-of-the-south.png,1,12,12,49,23,28,82,64,62,1.22,,,,,2026-10-09 19:15,,,,
2026-10-10,16:00,Preston,Millwall,preston,millwall,preston-north-end.png,millwall.png,X2,2,X2,32,31,37,75,49,58,2.44,32.7,27.5,39.7,2026-10-10 01:50,2026-10-09 19:15,,,,
2026-10-10,16:00,Raith Rovers,Queens Park,raith rovers,queens park,raith-rovers.png,queen-s-park.png,1,1X,1X,63,24,13,80,48,42,1.06,65.1,22.1,12.8,2026-10-10 01:50,2026-10-09 19:15,,,,
2026-10-10,16:00,Rangers,Kilmarnock,rangers,kilmarnock,rangers.png,kilmarnock.png,1,1X,1X,74,16,10,91,71,41,1.03,84.9,10.4,4.7,2026-10-10 01:50,2026-10-09 19:15,,,,
2026-10-10,16:00,Sheffield Utd,Lincoln,sheffield utd,lincoln,sheffield-united.png,lincoln-city.png,12,2,12,45,21,34,86,63,55,3.42,44.0,28.1,28.0,2026-10-10 01:50,2026-10-09 19:15,,,,
2026-10-10,16:00,Shinnik Yaroslavl,Tekstilshtik Ivanovo,shinnik yaroslavl,tekstilshtik ivanovo,,,1X,1X,1X,52,31,17,73,43,43,1.14,,,,,2026-10-09 19:15,,,,
2026-10-10,16:00,Shrewsbury,Exeter,shrewsbury,exeter,shrewsbury-town.png,exeter-city.png,1X,1X,1X,44,31,25,72,43,49,1.33,43.9,28.2,27.9,2026-10-10 01:50,2026-10-09 19:15,,,,
2026-10-10,16:00,Stjarnan,KA Akureyri,stjarnan,ka akureyri,stjarnan.png,ka-akureyri.png,1,1,1,51,28,21,95,82,72,1.7,53.2,19.4,27.4,2026-10-10 01:50,2026-10-09 19:15,,,,
2026-10-10,16:00,Stockport,Barnsley,stockport,barnsley,stockport-county.png,barnsley.png,1,1,1,61,22,17,84,64,60,1.43,67.0,18.5,14.5,2026-10-10 01:50,2026-10-09 19:15,,,,
2026-10-10,16:00,Tranmere,Rochdale,tranmere,rochdale,tranmere-rovers.png,rochdale.png,1X,1X,1X,48,33,19,79,48,51,1.26,47.6,26.4,26.1,2026-10-10 01:50,2026-10-09 19:15,,,,
2026-10-10,16:00,Valur Reykjavik,FH Hafnarfjordur,valur reykjavik,fh hafnarfjordur,valur.png,hafnarfjordur-fh.png,1X,1X,1X,43,33,24,94,73,67,1.4,42.8,22.9,34.2,2026-10-10 01:50,2026-10-09 19:15,,,,
2026-10-10,16:00,Vianense,Paredes,vianense,paredes,vianense.png,paredes.png,2,12,12,31,25,44,68,47,45,1.24,25.3,27.4,47.3,2026-10-10 01:50,2026-10-09 19:15,,,,
2026-10-10,16:00,Woking,Harrogate Town,woking,harrogate town,woking.png,harrogate-town.png,2,12,12,32,28,40,84,62,63,1.22,29.8,25.7,44.5,2026-10-10 01:50,2026-10-09 19:15,,,,
2026-10-10,16:00,Worthing,Solihull Moors,worthing,solihull moors,worthing.png,solihull-moors.png,1,12,12,55,26,19,85,67,68,1.16,58.7,20.9,20.4,2026-10-10 01:50,2026-10-09 19:15,,,,
2026-10-10,16:00,York,Northampton,york,northampton,york-city.png,northampton-town.png,1,1X,1X,57,25,18,83,61,59,1.13,65.7,21.1,13.2,2026-10-10 01:50,2026-10-09 19:15,,,,
2026-10-10,16:15,Deportivo Alaves,Atletico Madrid,deportivo alaves,atletico madrid,deportivo-alaves.png,atletico-madrid.png,2,12,12,33,21,46,89,61,51,1.3,,,,,2026-10-09 19:15,,,,
2026-10-10,16:30,Casa Pia,Santa Clara,casa pia,santa clara,casa-pia.png,cd-santa-clara.png,2,X2,X2,18,33,49,66,37,45,1.23,21.7,27.9,50.4,2026-10-10 01:50,2026-10-09 19:15,,,,
2026-10-10,16:30,Leixoes,FC Porto B,leixoes,porto b,leixoes.png,porto-b.png,1,1,1,59,23,18,88,63,47,1.56,60.9,22.9,16.2,2026-10-10 01:50,2026-10-09 19:15,,,,
2026-10-10,16:30,Lokomotiv Sofia,Lokomotiv Plovdiv,lokomotiv sofia,lokomotiv plovdiv,lokomotiv-sofia.png,lokomotiv-plovdiv.png,1,1X,1X,51,26,23,78,45,40,1.21,,,,,2026-10-09 19:15,,,,
2026-10-10,16:30,MSV Duisburg,1899 Hoffenheim II,msv duisburg,1899 hoffenheim ii,,,1,1,1,54,23,23,87,64,63,1.66,,,,,2026-10-09 19:15,,,,
2026-10-10,17:00,Dobrudzha,FC Chernomorets Burgas,dobrudzha,chernomorets burgas,dobrudzha.png,chernomorets-burgas.png,2,2,2,22,29,49,77,56,53,1.74,21.4,25.3,53.3,2026-10-10 01:50,2026-10-09 19:15,,,,
2026-10-10,17:00,FC Zurich II,FC Breitenrain Bern,zurich ii,breitenrain bern,,,12,12,12,46,23,31,75,70,65,1.38,,,,,2026-10-09 19:15,,,,
2026-10-10,17:00,Grazer AK,Red Bull Salzburg,grazer ak,red bull salzburg,grazer-ak.png,red-bull-salzburg.png,2,2,2,19,27,54,92,69,56,1.46,15.2,19.2,65.6,2026-10-10 01:50,2026-10-09 19:15,,,,
2026-10-10,17:00,IK Oddevold,Assyriska United IK,ik oddevold,assyriska united ik,ik-oddevold.png,assyriska-united-ik.png,X,X,X,39,32,29,87,52,62,3.8,,,,,2026-10-09 19:15,,,,
2026-10-10,17:00,Ikorodu City,Kwara United,ikorodu city,kwara united,ikorodu-city.png,kwara-united.png,1,1,1,66,25,9,79,51,37,1.41,,,,,2026-10-10 01:50,,,,
2026-10-10,17:00,Norrby IF,Osters IF,norrby,osters,norrby.png,osters.png,2,X2,X2,40,29,31,92,73,69,1.74,,,,,2026-10-09 19:15,,,,
2026-10-10,17:15,Lille,Le Havre,lille,le havre,losc-lille.png,le-havre.png,1,12,12,60,28,12,89,58,57,1.22,67.0,20.1,13.0,2026-10-10 01:50,2026-10-09 19:15,,,,
2026-10-10,17:30,Desenzano,Dolomiti Bellunesi,desenzano,dolomiti bellunesi,desenzano.png,dolomiti-bellunesi.png,1X,1X,1X,42,39,19,65,39,49,1.22,44.4,29.8,25.8,2026-10-10 01:50,2026-10-09 19:15,,,,
2026-10-10,17:30,Kromeriz,FK Pribram,kromeriz,pribram,,,X2,X2,X2,34,34,32,88,62,61,1.36,,,,,2026-10-09 19:15,,,,
2026-10-10,17:30,Lumezzane,AlbinoLeffe,lumezzane,albinoleffe,lumezzane.png,uc-albinoleffe.png,X2,X,X2,36,34,30,70,50,58,2.96,40.8,30.2,29.0,2026-10-10 01:50,2026-10-09 19:15,,,,
2026-10-10,17:30,Novara,Cittadella,novara,cittadella,novara.png,cittadella.png,X2,2,X2,25,31,44,82,50,50,2.31,30.8,29.6,39.5,2026-10-10 01:50,2026-10-09 19:15,,,,
2026-10-10,17:30,Pineto,Reggiana,pineto,reggiana,pineto.png,reggiana.png,2,X2,X2,31,29,40,75,52,54,,24.7,29.6,45.8,2026-10-10 01:50,2026-10-09 19:15,,,,
2026-10-10,17:30,Slask Wroclaw,Lech Poznan,slask wroclaw,lech poznan,slask-wroclaw.png,lech-poznan.png,2,12,12,22,26,52,86,69,61,1.17,19.0,20.8,60.1,2026-10-10 01:50,2026-10-09 19:15,,,,
2026-10-10,18:00,Apoel,Nea Salamis,apoel,nea salamis,apoel.png,nea-salamis.png,1,12,12,55,24,21,86,64,46,1.2,62.2,22.6,15.3,2026-10-10 01:50,2026-10-09 19:15,,,,
2026-10-10,18:00,FC Zurich,FC Thun,zurich,thun,zurich.png,thun.png,12,12,12,45,24,31,92,80,75,1.22,34.7,23.2,42.2,2026-10-10 01:50,2026-10-09 19:15,,,,
2026-10-10,18:00,Hapoel Haifa,Maccabi Petah Tikva,hapoel haifa,maccabi petah tikva,hapoel-haifa.png,maccabi-petah-tikva.png,1,12,12,49,29,22,81,61,62,1.27,46.4,26.9,26.7,2026-10-10 01:50,2026-10-09 19:15,,,,
2026-10-10,18:00,IFK Mariehamn,Ilves,ifk mariehamn,ilves,ifk-mariehamn.png,ilves.png,2,12,12,30,29,41,80,55,52,1.22,,,,,2026-10-09 19:15,,,,
2026-10-10,18:00,Inter,Parma,inter,parma,inter-milan.png,parma.png,1,1,1,71,22,7,94,67,47,1.17,84.7,9.9,5.4,2026-10-10 01:50,2026-10-09 19:15,,,,
2026-10-10,18:00,Ironi Tiberias,Hapoel Beer Sheva,ironi tiberias,hapoel beer sheva,,,2,12,12,21,22,57,90,70,55,1.13,,,,,2026-10-09 19:15,,,,
2026-10-10,18:00,Istanbulspor AS,Esenler Erokspor,istanbulspor,esenler erokspor,istanbulspor.png,esenler-erokspor.png,X2,X2,X2,27,30,43,79,62,63,1.21,,,,,2026-10-09 19:15,,,,
2026-10-10,18:00,Kayserispor,Manisa FK,kayserispor,manisa,kayserispor.png,manisa.png,1,12,12,65,22,13,89,69,59,1.12,68.0,19.3,12.7,2026-10-10 01:50,2026-10-09 19:15,,,,
2026-10-10,18:00,NK Osijek,Istra 1961,nk osijek,istra 1961,,,1,1,1,48,28,24,84,59,52,1.98,,,,,2026-10-09 19:15,,,,
2026-10-10,18:00,Rizespor,Fenerbahce,rizespor,fenerbahce,,,2,2,2,25,25,50,89,72,59,1.75,,,,,2026-10-09 19:15,,,,
2026-10-10,18:00,Rosenborg,Sandefjord,rosenborg,sandefjord,rosenborg.png,sandefjord-fotball.png,1,12,12,63,20,17,92,76,59,1.16,69.4,17.3,13.2,2026-10-10 01:50,2026-10-09 19:15,,,,
2026-10-10,18:00,Spaeri,Torpedo Kutaisi,spaeri,torpedo kutaisi,spaeri.png,torpedo-kutaisi.png,X2,X2,X2,29,31,40,95,70,65,1.28,29.6,26.5,43.9,2026-10-10 01:50,2026-10-09 19:15,,,,
2026-10-10,18:00,Trinec,Kladno,trinec,kladno,trinec.png,kladno.png,X,1X,1X,39,32,29,88,63,56,1.32,39.1,27.6,33.4,2026-10-10 01:50,2026-10-09 19:15,,,,
2026-10-10,18:00,UD Llanera,Marino De Luanco,ud llanera,marino de luanco,llanera.png,marino-de-luanco.png,1,1,1,44,27,29,70,56,45,2.29,39.9,27.4,32.7,2026-10-10 01:50,2026-10-09 19:15,,,,
2026-10-10,18:00,Zemplin Michalovce,Dunajska Streda,zemplin michalovce,dunajska streda,,,2,12,12,24,25,51,90,63,57,1.18,,,,,2026-10-09 19:15,,,,
2026-10-10,18:15,Hapoel Petah Tikva,Maccabi Netanya,hapoel petah tikva,maccabi netanya,hapoel-petah-tikva.png,maccabi-netanya.png,2,X2,X2,28,26,46,80,51,55,1.19,,,,,2026-10-09 19:15,,,,
2026-10-10,18:15,La Louviere,Club Brugge,la louviere,club brugge,raal-la-louviere.png,club-brugge.png,2,X2,X2,19,23,58,92,77,58,1.1,,,,,2026-10-09 19:15,,,,
2026-10-10,18:30,Barcelona,Getafe,barcelona,getafe,barcelona.png,getafe.png,1,1,1,78,15,7,94,72,41,1.08,90.8,6.5,2.6,2026-10-10 01:50,2026-10-09 19:15,,,,
2026-10-10,18:30,CD Eldense,Cordoba,cd eldense,cordoba,cd-eldense.png,cordoba.png,1,1X,1X,45,27,28,93,74,72,1.46,41.4,25.6,33.0,2026-10-10 01:50,2026-10-09 19:15,,,,
2026-10-10,18:30,Elbasani,FK Vora,elbasani,vora,,,1,12,12,53,27,20,85,56,54,,,,,,2026-10-09 19:15,,,,
2026-10-10,18:30,Forest Green,Hartlepool,forest green,hartlepool,forest-green-rovers.png,hartlepool.png,1,12,12,51,22,27,88,72,69,1.16,59.1,22.0,18.9,2026-10-10 01:50,2026-10-09 19:15,,,,
2026-10-10,18:30,Maccabi Tel Aviv,Bnei Sakhnin,maccabi tel aviv,bnei sakhnin,maccabi-tel-aviv.png,bnei-sakhnin.png,1,1,1,77,18,5,92,68,38,1.12,,,,,2026-10-09 19:15,,,,
2026-10-10,18:30,Manchester Utd,Tottenham,manchester utd,tottenham,manchester-united.png,tottenham-hotspur.png,1,12,12,55,24,21,82,63,61,1.26,56.3,22.8,21.0,2026-10-10 01:50,2026-10-09 19:15,,,,
2026-10-10,18:30,RB Leipzig,Eintracht Frankfurt,rb leipzig,eintracht frankfurt,rb-leipzig.png,eintracht-frankfurt.png,1,12,12,62,21,17,91,77,60,1.21,61.0,19.4,19.6,2026-10-10 01:50,2026-10-09 19:15,,,,
2026-10-10,19:00,Botev Plovdiv,Slavia Sofia,botev plovdiv,slavia sofia,botev-plovdiv.png,slavia-sofia.png,1,12,12,60,22,18,74,48,46,1.25,57.5,25.1,17.4,2026-10-10 01:50,2026-10-09 19:15,,,,
2026-10-10,19:00,Jerv,FK Arendal,jerv,arendal,jerv.png,arendal.png,1,1,1,68,21,11,86,70,60,1.34,72.4,17.1,10.5,2026-10-10 01:50,2026-10-10 01:50,,,,
2026-10-10,19:00,Kawkab A.C. Marrakech,Ittihad Tanger,kawkab a.c. marrakech,ittihad tanger,kawkab-marrakech.png,ittihad-tanger.png,12,12,12,41,29,30,69,36,44,1.3,38.9,31.9,29.3,2026-10-10 01:50,2026-10-10 01:50,,,,
2026-10-10,19:00,Maritimo,FC Porto,maritimo,porto,maritimo.png,porto.png,2,12,12,19,20,61,88,63,48,1.17,8.7,17.5,73.8,2026-10-10 01:50,2026-10-09 19:15,,,,
2026-10-10,19:00,Radnicki 1923,Crvena Zvezda,radnicki 1923,crvena zvezda,radnicki.png,red-star-belgrade.png,2,12,12,26,27,47,78,57,50,1.18,13.5,19.7,66.8,2026-10-10 01:50,2026-10-09 19:15,,,,
2026-10-10,19:00,Toronto FC,Montreal Impact,toronto,montreal impact,toronto-fc.png,cf-montreal.png,1,1X,1X,52,29,19,87,70,74,1.25,,,,,2026-10-09 19:15,,,,
2026-10-10,19:30,Arezzo,Cremonese,arezzo,cremonese,arezzo.png,cremonese.png,2,12,12,39,26,35,85,59,55,1.33,31.7,30.0,38.3,2026-10-10 01:50,2026-10-09 19:15,,,,
2026-10-10,19:30,Austria Vienna,Sturm Graz,austria vienna,sturm graz,austria-wien.png,sturm-graz.png,2,12,12,28,29,43,86,56,58,1.27,30.5,26.4,43.2,2026-10-09 19:15,2026-10-09 19:15,,,,
2026-10-10,20:00,Asociacion Deportiva Tarma,FC Cajamarca,asociacion deportiva tarma,cajamarca,asociacion-deportiva-tarma.png,cajamarca.png,1,12,12,48,23,29,89,70,66,1.23,,,,,2026-10-09 19:15,,,,
2026-10-10,20:00,Cobresal,Universidad De Concepcion,cobresal,universidad de concepcion,cobresal.png,universidad-de-concepcion.png,1,1,1,59,24,17,77,60,60,2.13,,,,,2026-10-09 19:15,,,,
2026-10-10,20:15,Olimpija Ljubljana,NS Mura,olimpija ljubljana,ns mura,,,1,1,1,56,28,16,77,50,41,1.63,,,,,2026-10-09 19:15,,,,
2026-10-10,20:30,Chicago Fire,New York City FC,chicago fire,new york city,chicago-fire.png,new-york-city-fc.png,1,1X,1X,48,28,24,90,61,71,1.25,,,,,2026-10-09 19:15,,,,
2026-10-10,20:30,FCSB,Otelul Galati,fcsb,otelul galati,fcsb.png,otelul-galati.png,1,1,1,57,27,16,89,72,61,1.37,69.6,18.4,11.9,2026-10-10 01:50,2026-10-09 19:15,,,,
2026-10-10,20:30,Spezia,Gubbio,spezia,gubbio,spezia.png,gubbio.png,1,1,1,69,23,8,89,68,46,,78.7,16.2,5.1,2026-10-10 01:50,2026-10-09 19:15,,,,
2026-10-10,20:45,Genk,Kortrijk,genk,kortrijk,krc-genk.png,kv-kortrijk.png,1,1,1,60,24,16,90,67,55,1.48,67.5,18.9,13.6,2026-10-10 01:50,2026-10-09 19:15,,,,
2026-10-10,20:45,Monaco,Toulouse,monaco,toulouse,monaco.png,toulouse.png,1,1,1,61,25,14,87,69,61,1.64,60.3,21.8,17.9,2026-10-10 01:50,2026-10-09 19:15,,,,
2026-10-10,20:45,Napoli,Frosinone,napoli,frosinone,napoli.png,frosinone.png,1,12,12,48,25,27,92,68,63,1.21,66.4,19.5,14.1,2026-10-10 01:50,2026-10-09 19:15,,,,
2026-10-10,20:45,Paris Saint Germain,Le Mans,paris saint germain,le mans,paris-saint-germain-psg.png,le-mans.png,1,1X,1X,65,23,12,95,83,58,1.01,90.9,6.3,2.8,2026-10-10 01:50,2026-10-09 19:15,,,,
2026-10-10,20:45,Stade Brestois 29,Angers,stade brestois 29,angers,stade-brestois-29.png,angers-sco.png,1,1X,1X,45,29,26,79,45,50,1.31,48.5,25.5,26.0,2026-10-10 01:50,2026-10-09 19:15,,,,
2026-10-10,21:00,Real Madrid,Villarreal,real madrid,villarreal,real-madrid.png,villarreal.png,1,1,1,62,22,16,95,81,67,1.4,70.8,16.7,12.6,2026-10-10 01:50,2026-10-09 19:15,,,,
2026-10-10,21:15,Fram Reykjavik,KR Reykjavik,fram reykjavik,kr reykjavik,fram-reykjavik.png,kr-reykjavik.png,X,1X,1X,39,32,29,92,81,80,1.5,41.4,20.7,37.9,2026-10-10 01:50,2026-10-09 19:15,,,,
2026-10-10,21:30,Academico Viseu,Estoril,academico viseu,estoril,academico-de-viseu.png,estoril-praia.png,1X,1,1X,49,30,21,81,49,45,2.32,42.0,27.3,30.7,2026-10-10 01:50,2026-10-09 19:15,,,,
2026-10-10,21:30,Vizela,Sporting CP B,vizela,sporting cp b,,,12,12,12,43,26,31,75,51,46,1.28,,,,,2026-10-09 19:15,,,,
2026-10-10,22:30,Comerciantes Unidos,Adc Juan Pablo II,comerciantes unidos,adc juan pablo ii,comerciantes-unidos.png,adc-juan-pablo-ii.png,1X,1X,1X,42,31,27,84,55,55,1.21,50.0,25.8,24.3,2026-10-10 01:50,2026-10-09 19:15,,,,
2026-10-10,22:30,Huachipato,O Higgins,huachipato,o higgins,huachipato.png,o-higgins.png,2,X2,X2,36,27,37,77,56,56,1.32,,,,,2026-10-09 19:15,,,,
2026-10-10,22:30,Pereira,Deportivo Cali,pereira,deportivo cali,,,2,X2,X2,23,24,53,70,46,44,1.15,,,,,2026-10-09 19:15,,,,
2026-10-10,23:00,Fuerte San Francisco,CD Cacahuatique,fuerte san francisco,cd cacahuatique,,,X2,2,X2,25,36,39,72,39,44,2.51,,,,,2026-10-09 19:15,,,,
2026-10-10,23:30,Penarol,Progreso,penarol,progreso,penarol.png,progreso.png,1,1,1,65,21,14,79,59,41,1.33,70.7,19.3,10.0,2026-10-10 01:50,2026-10-09 19:15,,,,
2026-10-11,00:00,Charleston Battery,Louisville City FC,charleston battery,louisville city,,,1X,1X,1X,46,32,22,83,58,62,1.28,,,,,2026-10-09 19:15,,,,
2026-10-11,00:00,Tlaxcala FC,Piratas Veracruz,tlaxcala,piratas veracruz,,,1,1X,1X,45,26,29,86,58,65,1.7,,,,,2026-10-09 19:15,,,,
2026-10-11,00:20,Sportivo Luqueno,Cerro Porteno,sportivo luqueno,cerro porteno,sportivo-luqueno.png,cerro-porteno.png,2,X2,X2,34,23,43,77,57,57,1.18,,,,,2026-10-09 19:15,,,,
2026-10-11,01:00,Deportiva Venados,Pioneros de Cancun,deportiva venados,pioneros de cancun,,,1X,1X,1X,43,35,22,88,62,67,,,,,,2026-10-10 01:50,,,,
2026-10-11,01:00,Indy Eleven,Tampa Bay Rowdies,indy eleven,tampa bay rowdies,indy-eleven.png,tampa-bay-rowdies.png,X2,X,X2,25,30,45,77,44,49,3.44,,,,,2026-10-09 19:15,,,,
2026-10-11,01:00,Pittsburgh Riverhounds,Hartford Athletic,pittsburgh riverhounds,hartford athletic,,,1X,1X,1X,42,30,28,60,34,40,1.22,,,,,2026-10-09 19:15,,,,
2026-10-11,01:00,Queretaro FC,Atlante,queretaro,atlante,queretaro.png,atlante.png,1X,1X,1X,47,31,22,85,53,65,1.26,45.9,28.1,26.0,2026-10-10 01:50,2026-10-09 19:15,,,,
2026-10-11,01:00,Venados FC,Leones Negros UDG,venados,leones negros udg,,,1,1,1,55,26,19,91,70,64,1.9,,,,,2026-10-09 19:15,,,,
2026-10-11,01:30,Inter Miami,DC United,inter miami,dc united,inter-miami.png,dc-united.png,1X,1X,1X,57,30,13,92,74,72,1.07,,,,,2026-10-09 19:15,,,,
2026-10-11,01:30,New England Revolution,Seattle Sounders,new england revolution,seattle sounders,new-england-revolution.png,seattle-sounders.png,1,1,1,50,29,21,84,59,64,1.85,,,,,2026-10-09 19:15,,,,
2026-10-11,01:30,New York Red Bulls,San Diego,new york red bulls,san diego,new-york-red-bulls.png,san-diego-fc.png,X2,X,X2,32,34,34,93,67,67,3.8,,,,,2026-10-09 19:15,,,,
2026-10-11,01:30,Orlando City SC,Columbus Crew,orlando city,columbus crew,orlando-city.png,columbus-crew.png,1,1X,1X,50,29,21,89,66,70,1.33,,,,,2026-10-09 19:15,,,,
2026-10-11,01:30,Philadelphia Union,Real Salt Lake,philadelphia union,real salt lake,philadelphia-union.png,real-salt-lake.png,1,1,1,61,24,15,91,63,65,1.36,,,,,2026-10-09 19:15,,,,
2026-10-11,02:00,Sao Paulo,Vitoria,sao paulo,vitoria,sao-paulo.png,vitoria.png,1,1,1,66,23,11,83,51,51,1.63,59.7,24.2,16.1,2026-10-10 01:50,2026-10-09 19:15,,,,
2026-10-11,02:30,Minnesota United FC,Houston Dynamo,minnesota united,houston dynamo,minnesota-united.png,houston-dynamo.png,X2,X2,X2,37,30,33,87,59,59,1.67,,,,,2026-10-09 19:15,,,,
2026-10-11,03:00,Atlas,Guadalajara-Chivas,atlas,guadalajara-chivas,,,X2,2,X2,28,35,37,78,49,62,2.18,,,,,2026-10-09 19:15,,,,
2026-10-11,03:00,El Paso Locomotive,Orange County SC,el paso locomotive,orange county,el-paso-locomotive.png,orange-county.png,1,1X,1X,55,27,18,86,54,63,1.11,,,,,2026-10-09 19:15,,,,
2026-10-11,03:00,Malacateco,Guastatoya,malacateco,guastatoya,malacateco.png,guastatoya.png,1,1X,1X,45,27,28,66,35,38,1.15,50.0,28.7,21.3,2026-10-10 01:50,2026-10-09 19:15,,,,
2026-10-11,03:00,Mineros de Zacatecas,Cancun FC,mineros de zacatecas,cancun,mineros-de-zacatecas.png,cancun.png,1X,1,1X,51,30,19,86,64,68,1.75,,,,,2026-10-09 19:15,,,,
2026-10-11,03:15,Atletico Nacional,Deportivo Pasto,atletico nacional,deportivo pasto,atletico-nacional.png,deportivo-pasto.png,1,1,1,72,21,7,84,56,45,1.2,,,,,2026-10-09 19:15,,,,
2026-10-11,03:30,Colorado Rapids,San Jose Earthquakes,colorado rapids,san jose earthquakes,colorado-rapids.png,san-jose-earthquakes.png,1,1X,1X,44,28,28,77,54,58,1.25,,,,,2026-10-09 19:15,,,,
2026-10-11,04:00,Phoenix Rising,Las Vegas Lights FC,phoenix rising,las vegas lights,,,12,12,12,51,19,30,83,62,62,1.18,,,,,2026-10-09 19:15,,,,
2026-10-11,04:00,Sacramento Republic,Colorado Switchbacks,sacramento republic,colorado switchbacks,,,1,12,12,53,25,22,69,50,50,1.22,,,,,2026-10-09 19:15,,,,
2026-10-11,06:00,Matsumoto Yamaga,Kagoshima United,matsumoto yamaga,kagoshima united,matsumoto-yamaga.png,kagoshima-united.png,2,2,2,22,28,50,88,58,54,1.99,,,,,2026-10-09 19:15,,,,
2026-10-11,06:00,Roasso Kumamoto,Ehime FC,roasso kumamoto,ehime,roasso-kumamoto.png,ehime.png,X2,X,X2,32,30,38,73,48,49,3.28,,,,,2026-10-09 19:15,,,,
2026-10-11,06:05,Montedio Yamagata,Vegalta Sendai,montedio yamagata,vegalta sendai,montedio-yamagata.png,vegalta-sendai.png,2,X2,X2,28,26,46,87,55,60,1.24,,,,,2026-10-09 19:15,,,,
2026-10-11,07:00,Gainare Tottori,FC Gifu,gainare tottori,gifu,gainare-tottori.png,gifu.png,2,12,12,30,29,41,78,60,59,1.19,,,,,2026-10-09 19:15,,,,
2026-10-11,07:00,Kataller Toyama,Tegevajaro Miyazaki,kataller toyama,tegevajaro miyazaki,kataller-toyama.png,tegevajaro-miyazaki.png,1X,1X,1X,46,30,24,79,52,54,1.24,,,,,2026-10-09 19:15,,,,
2026-10-11,07:00,Suwon Bluewings,Ansan Greeners,suwon bluewings,ansan greeners,,,1,1,1,69,21,10,87,58,39,1.19,,,,,2026-10-09 19:15,,,,
2026-10-11,08:00,Tokyo Verdy,Hiroshima,tokyo verdy,hiroshima,,,2,2,2,17,21,62,89,61,50,1.49,,,,,2026-10-09 19:15,,,,
2026-10-11,09:00,Kawasaki Frontale,Nagoya Grampus,kawasaki frontale,nagoya grampus,kawasaki-frontale.png,nagoya-grampus.png,1,1,1,56,25,19,90,68,66,1.85,,,,,2026-10-09 19:15,,,,
2026-10-11,10:30,MSK Zilina B,Slovan Galanta,msk zilina b,slovan galanta,zilina-b.png,slovan-galanta.png,1,12,12,49,25,26,82,62,60,1.2,,,,,2026-10-09 19:15,,,,
2026-10-11,10:30,Slovan Bratislava B,Tatran Liptovsky Mikulas,slovan bratislava b,tatran liptovsky mikulas,slovan-bratislava-b.png,tatran-liptovsky-mikulas.png,X2,X2,X2,36,32,32,90,62,59,1.43,,,,,2026-10-09 19:15,,,,
2026-10-11,12:00,Cherkasi,Kudrivka,cherkasi,kudrivka,,,1,1X,1X,70,21,9,79,52,40,1.02,,,,,2026-10-09 19:15,,,,
2026-10-11,12:00,Deportivo Alaves B,Gernika,deportivo alaves b,gernika,deportivo-alaves-b.png,gernika.png,1,12,12,45,29,26,78,45,43,1.25,,,,,2026-10-09 19:15,,,,
2026-10-11,12:00,Dinamo Kiev,Karpaty Lviv,dinamo kiev,karpaty lviv,,,1,12,12,53,26,21,86,56,53,1.27,,,,,2026-10-09 19:15,,,,
2026-10-11,12:00,Poblense,Castellon B,poblense,castellon b,poblense.png,castellon-b.png,2,12,12,34,28,38,74,58,65,1.26,,,,,2026-10-09 19:15,,,,
2026-10-11,12:00,Puente Genil,Tamaraceite,puente genil,tamaraceite,,,1X,1X,1X,46,31,23,68,46,49,1.16,,,,,2026-10-09 19:15,,,,
2026-10-11,12:00,Qingdao Youth Island FC,Dalian Zhixing,qingdao youth island,dalian zhixing,,,X,1X,1X,37,37,26,83,42,67,1.47,,,,,2026-10-09 19:15,,,,
2026-10-11,12:30,Konyaspor,Istanbul Basaksehir,konyaspor,istanbul basaksehir,konyaspor.png,istanbul-basaksehir.png,X2,X2,X2,34,32,34,79,59,59,1.5,,,,,2026-10-09 19:15,,,,
2026-10-11,12:30,Torres,Atalanta (u23),torres,atalanta (u23),,,1X,1,1X,46,32,22,74,56,64,2.05,,,,,2026-10-09 19:15,,,,
2026-10-11,13:00,Lamphun Warrior,Bangkok United,lamphun warrior,bangkok united,,,X,X,X,28,44,28,88,51,60,3.45,,,,,2026-10-09 19:15,,,,
2026-10-11,13:00,Las Palmas B,Tenerife B,las palmas b,tenerife b,,,2,X2,X2,34,29,37,77,58,57,1.38,,,,,2026-10-09 19:15,,,,
2026-10-11,13:00,Motherwell,Celtic,motherwell,celtic,motherwell.png,celtic.png,2,12,12,22,24,54,92,75,63,1.18,,,,,2026-10-09 19:15,,,,
2026-10-11,13:00,Ogre United,BFC Daugavpils,ogre united,bfc daugavpils,,,2,X2,X2,22,29,49,81,57,58,1.14,,,,,2026-10-09 19:15,,,,
2026-10-11,13:00,Orebro,Ljungskile SK,orebro,ljungskile,orebro.png,ljungskile.png,X,X,X,35,36,29,85,58,62,3.6,,,,,2026-10-09 19:15,,,,
2026-10-11,13:00,Prachuap FC,Chiangrai United,prachuap,chiangrai united,,,1X,1,1X,55,32,13,80,48,50,1.71,,,,,2026-10-09 19:15,,,,
2026-10-11,13:00,Slovan Liberec,Slovacko,slovan liberec,slovacko,slovan-liberec.png,slovacko.png,1,12,12,62,25,13,80,53,48,1.18,,,,,2026-10-09 19:15,,,,
2026-10-11,13:00,Southampton,Portsmouth,southampton,portsmouth,southampton.png,portsmouth.png,1,1,1,54,28,18,91,71,70,1.61,,,,,2026-10-09 19:15,,,,
2026-10-11,13:00,Vitebsk,FC Isloch Minsk Raion,vitebsk,isloch minsk raion,,,2,12,12,29,28,43,75,46,47,1.28,,,,,2026-10-09 19:15,,,,
2026-10-11,13:30,Hertha Berlin,SpVgg Greuther Furth,hertha berlin,spvgg greuther furth,hertha-bsc.png,spvgg-greuther-furth.png,1,12,12,58,26,16,88,65,69,1.17,,,,,2026-10-09 19:15,,,,
2026-10-11,13:30,Standard Liege,Charleroi,standard liege,charleroi,standard-liege.png,sporting-charleroi.png,X2,2,X2,32,31,37,75,48,50,2.36,,,,,2026-10-09 19:15,,,,
2026-10-11,14:00,Elche,Celta Vigo,elche,celta vigo,elche.png,celta-vigo.png,X2,X2,X2,31,35,34,73,46,54,1.46,,,,,2026-10-09 19:15,,,,
2026-10-11,14:00,Grasshopper-Club,BSC Young Boys,grasshopper-club,bsc young boys,,,2,2,2,21,24,55,94,80,69,1.55,,,,,2026-10-09 19:15,,,,
2026-10-11,14:00,Hammarby,Djurgarden,hammarby,djurgarden,hammarby.png,djurgardens.png,1,12,12,52,21,27,80,62,57,1.2,,,,,2026-10-09 19:15,,,,
2026-10-11,14:00,Septemvri Sofia,Dunav Ruse,septemvri sofia,dunav ruse,septemvri-sofia.png,dunav-ruse.png,1,1X,1X,44,29,27,73,54,57,1.3,,,,,2026-10-09 19:15,,,,
2026-10-11,14:00,Silkeborg,AC Horsens,silkeborg,horsens,silkeborg.png,horsens.png,2,12,12,39,27,34,87,60,64,1.27,,,,,2026-10-09 19:15,,,,
2026-10-11,14:00,Vendsyssel FF,HB Koge,vendsyssel ff,hb koge,,,1,1,1,45,29,26,71,51,50,2.25,,,,,2026-10-09 19:15,,,,
2026-10-11,14:30,Foggia,Potenza,foggia,potenza,foggia.png,potenza.png,X2,X2,X2,35,30,35,77,52,58,1.47,,,,,2026-10-09 19:15,,,,
2026-10-11,14:30,Fredrikstad,Tromso,fredrikstad,tromso,fredrikstad.png,tromso-il.png,2,12,12,35,29,36,83,54,56,1.31,,,,,2026-10-09 19:15,,,,
2026-10-11,14:30,Inegolspor,Fethiyespor,inegolspor,fethiyespor,inegolspor.png,fethiyespor.png,X2,X2,X2,35,34,31,82,61,54,1.46,,,,,2026-10-09 19:15,,,,
2026-10-11,14:30,Ravenna,Campobasso,ravenna,campobasso,ravenna.png,campobasso.png,1,1X,1X,54,23,23,75,49,46,1.06,,,,,2026-10-09 19:15,,,,
2026-10-11,14:30,Renate,GIANA Erminio,renate,giana erminio,renate.png,giana-erminio.png,1,1X,1X,47,29,24,71,49,52,1.2,,,,,2026-10-09 19:15,,,,
2026-10-11,14:30,SCR Altach,Wolfsberger AC,scr altach,wolfsberger,scr-altach.png,wolfsberger.png,12,12,12,45,23,32,89,69,63,1.25,,,,,2026-10-09 19:15,,,,
2026-10-11,14:30,Scafatese,ASD Sorrento,scafatese,asd sorrento,scafatese.png,sorrento.png,12,1,12,41,27,32,76,45,43,2.33,,,,,2026-10-09 19:15,,,,
2026-10-11,14:45,Piast Gliwice,Widzew Lodz,piast gliwice,widzew lodz,piast-gliwice.png,widzew-lodz.png,X,1X,1X,34,37,29,77,51,60,1.48,,,,,2026-10-09 19:15,,,,
2026-10-11,14:45,Zalaegerszegi TE,Nyiregyhaza,zalaegerszegi te,nyiregyhaza,,,1,1,1,52,24,24,79,54,51,2.58,,,,,2026-10-09 19:15,,,,
2026-10-11,15:00,24 Erzincanspor,Beyoglu Yeni Carsi FK,24 erzincanspor,beyoglu yeni carsi,,,X,X,X,39,35,26,80,51,56,3.22,,,,,2026-10-09 19:15,,,,
2026-10-11,15:00,ASD Imperia,Biellese,asd imperia,biellese,asd-imperia.png,biellese.png,X2,X2,X2,28,33,39,77,48,55,,,,,,2026-10-09 19:15,,,,
2026-10-11,15:00,Aberdeen,St Johnstone,aberdeen,st johnstone,aberdeen.png,st-johnstone.png,1,12,12,49,25,26,72,46,45,1.3,,,,,2026-10-09 19:15,,,,
2026-10-11,15:00,Alessandria,US Fezzanese,alessandria,fezzanese,alessandria.png,usd-fezzanese.png,1,12,12,59,26,15,87,56,53,,,,,,2026-10-09 19:15,,,,
2026-10-11,15:00,Bisceglie,Palmese,bisceglie,palmese,,,1,1,1,54,25,21,80,62,57,,,,,,2026-10-09 19:15,,,,
2026-10-11,15:00,Campodarsego,Virtus Bolzano,campodarsego,virtus bolzano,campodarsego.png,virtus-bolzano.png,1,1,1,56,27,17,68,38,32,,,,,,2026-10-09 19:15,,,,
2026-10-11,15:00,Casarano,Salernitana,casarano,salernitana,casarano.png,salernitana.png,2,12,12,33,28,39,89,65,62,1.23,,,,,2026-10-09 19:15,,,,
2026-10-11,15:00,Castellanzese,Arconatese,castellanzese,arconatese,castellanzese.png,arconatese.png,1,1,1,61,25,14,80,57,49,,,,,,2026-10-09 19:15,,,,
2026-10-11,15:00,Cjarlins Muzane,Legnago Salus,cjarlins muzane,legnago salus,cjarlins-muzane.png,legnago-salus.png,1,12,12,46,29,25,82,55,55,,,,,,2026-10-09 19:15,,,,
2026-10-11,15:00,FC Gomel,Maxline Rogachev,gomel,maxline rogachev,,,2,12,12,28,27,45,83,58,49,1.28,,,,,2026-10-09 19:15,,,,
2026-10-11,15:00,Farense,Feirense,farense,feirense,farense.png,feirense.png,1,1X,1X,58,28,14,66,44,39,1.14,,,,,2026-10-09 19:15,,,,
2026-10-11,15:00,Gavorrano,Terranuova Traiana,gavorrano,terranuova traiana,follonica-gavorrano.png,terranuova-traiana.png,1,12,12,53,29,18,70,37,44,,,,,,2026-10-09 19:15,,,,
2026-10-11,15:00,Guimaraes B,Pacos Ferreira,guimaraes b,pacos ferreira,,,1X,1X,1X,46,31,23,87,55,51,1.26,,,,,2026-10-09 19:15,,,,
2026-10-11,15:00,Hull City,Everton,hull city,everton,hull-city.png,everton.png,X,1X,1X,34,37,29,73,48,48,1.82,,,,,2026-10-09 19:15,,,,
2026-10-11,15:00,IFK Varnamo,Falkenbergs FF,ifk varnamo,falkenbergs ff,ifk-varnamo.png,falkenbergs-ff.png,X2,2,X2,31,33,36,89,63,69,2.77,,,,,2026-10-09 19:15,,,,
2026-10-11,15:00,Lazio,Monza,lazio,monza,lazio.png,monza.png,1,12,12,58,26,16,88,67,53,1.27,,,,,2026-10-09 19:15,,,,
2026-10-11,15:00,Lucchese,Ternana,lucchese,ternana,lucchese.png,ternana.png,1X,1,1X,46,33,21,77,57,59,,,,,,2026-10-09 19:15,,,,
2026-10-11,15:00,Nice,Strasbourg,nice,strasbourg,ogc-nice.png,rc-strasbourg-alsace.png,X,1X,1X,40,33,27,83,55,59,1.43,,,,,2026-10-09 19:15,,,,
2026-10-11,15:00,Paganese,Budoni,paganese,budoni,paganese.png,budoni.png,1,12,12,54,27,19,70,48,45,,,,,,2026-10-09 19:15,,,,
2026-10-11,15:00,Palazzolo,Caldiero Terme,palazzolo,caldiero terme,pro-palazzolo.png,asd-caldiero-terme.png,X,X,X,37,35,28,76,48,50,,,,,,2026-10-09 19:15,,,,
2026-10-11,15:00,Pavia,ASD Varesina,pavia,asd varesina,,,1X,1X,1X,42,31,27,61,38,44,,,,,,2026-10-09 19:15,,,,
2026-10-11,15:00,Pistoiese,Correggese,pistoiese,correggese,pistoiese.png,correggese.png,1,1X,1X,66,19,15,76,52,33,,,,,,2026-10-09 19:15,,,,
2026-10-11,15:00,Pro Patria,Santangelo,pro patria,santangelo,,,1,12,12,58,22,20,80,60,53,,,,,,2026-10-09 19:15,,,,
2026-10-11,15:00,Radnicki Nis,Vojvodina,radnicki nis,vojvodina,radnicki-nis.png,vojvodina.png,2,12,12,27,23,50,82,59,57,1.24,,,,,2026-10-09 19:15,,,,
2026-10-11,15:00,Real Calepina,Villa dAlme,real calepina,villa dalme,,,X,1X,1X,39,32,29,77,46,60,,,,,,2026-10-09 19:15,,,,
2026-10-11,15:00,SJK Akatemia,KTP,sjk akatemia,ktp,,,2,2,2,15,18,67,87,64,50,1.27,,,,,2026-10-09 19:15,,,,
2026-10-11,15:00,STK 1914 Samorin,MFK Petrzalka,stk 1914 samorin,mfk petrzalka,,,1,12,12,46,27,27,87,61,58,1.25,,,,,2026-10-09 19:15,,,,
2026-10-11,15:00,Sambiase,Trapani,sambiase,trapani,,,1,1,1,54,29,17,73,47,52,,,,,,2026-10-09 19:15,,,,
2026-10-11,15:00,Scanzorosciate,Brusaporto,scanzorosciate,brusaporto,usd-scanzorosciate.png,asd-brusaporto.png,X2,X2,X2,33,32,35,68,47,44,,,,,,2026-10-09 19:15,,,,
2026-10-11,15:00,Senigallia,Atletico Ascoli,senigallia,atletico ascoli,,,1X,1X,1X,43,38,19,74,49,59,,,,,,2026-10-09 19:15,,,,
2026-10-11,15:00,Siracusa,Vigor Lamezia,siracusa,vigor lamezia,siracusa.png,vigor-lamezia.png,1X,1,1X,47,40,13,82,46,60,,,,,,2026-10-09 19:15,,,,
2026-10-11,15:00,Trestina,Teramo,trestina,teramo,trestina.png,teramo.png,2,2,2,19,26,55,79,44,52,,,,,,2026-10-09 19:15,,,,
2026-10-11,15:00,Tritium,Club Milano,tritium,club milano,tritium.png,club-milano.png,X2,2,X2,35,34,31,68,42,47,,,,,,2026-10-09 19:15,,,,
2026-10-11,15:00,Turris,Manfredonia,turris,manfredonia,turris.png,manfredonia.png,1,1X,1X,53,29,18,74,41,45,,,,,,2026-10-09 19:15,,,,
2026-10-11,15:00,Virtus Verona,Chievo,virtus verona,chievo,virtus-verona.png,chievo-verona.png,2,2,2,23,29,48,84,50,46,,,,,,2026-10-09 19:15,,,,
2026-10-11,15:30,CSKA Moscow,Rodina,cska moscow,rodina,,,1,12,12,63,23,14,91,72,64,1.2,,,,,2026-10-09 19:15,,,,
2026-10-11,15:30,FC Koln,Borussia Monchengladbach,koln,borussia monchengladbach,1-koln.png,borussia-monchengladbach.png,1,12,12,43,28,29,92,73,64,1.27,,,,,2026-10-09 19:15,,,,
2026-10-11,15:30,MFK Ruzomberok,MSK Zilina,mfk ruzomberok,msk zilina,,,X2,2,X2,26,31,43,88,63,65,2.1,,,,,2026-10-09 19:15,,,,
2026-10-11,15:40,Al-Feiha,Al-Riyadh,al-feiha,al-riyadh,,,1,1X,1X,47,28,25,86,68,58,1.29,,,,,2026-10-09 19:15,,,,
2026-10-11,16:00,Brondby,Lyngby,brondby,lyngby,brondby.png,lyngby.png,1,12,12,66,18,16,91,67,54,1.22,,,,,2026-10-09 19:15,,,,
2026-10-11,16:00,Hammarby Talang FF,Enkopings SK,hammarby talang ff,enkopings,,,1,1,1,58,24,18,87,57,58,1.32,,,,,2026-10-09 19:15,,,,
2026-10-11,16:00,Iraklis 1908 FC,Levadiakos,iraklis 1908,levadiakos,,,1X,1,1X,54,30,16,65,41,36,2.27,,,,,2026-10-09 19:15,,,,
2026-10-11,16:00,Juventud,Racing Montevideo,juventud,racing montevideo,juventud.png,racing-club-de-montevideo.png,1X,1X,1X,42,32,26,76,50,48,1.35,,,,,2026-10-09 19:15,,,,
2026-10-11,16:00,Kifisia,Panaitolikos,kifisia,panaitolikos,,,1X,X,1X,48,31,21,85,53,52,3.45,,,,,2026-10-09 19:15,,,,
2026-10-11,16:15,Almeria,Leganes,almeria,leganes,ud-almeria.png,cd-leganes.png,1,1,1,60,23,17,79,60,53,1.66,,,,,2026-10-09 19:15,,,,
2026-10-11,16:15,Real Sociedad,Deportivo La Coruna,real sociedad,deportivo la coruna,real-sociedad.png,deportivo-la-coruna.png,X,X2,X2,40,34,26,77,48,53,2.37,,,,,2026-10-09 19:15,,,,
2026-10-11,16:30,Alemannia Aachen,Viktoria Koln,alemannia aachen,viktoria koln,alemannia-aachen.png,viktoria-koln.png,12,12,12,41,29,30,87,66,67,1.19,,,,,2026-10-09 19:15,,,,
2026-10-11,16:30,Cherno More Varna,Levski Sofia,cherno more varna,levski sofia,cherno-more-varna.png,levski-sofia.png,2,X2,X2,20,27,53,71,48,46,1.1,,,,,2026-10-09 19:15,,,,
2026-10-11,16:30,FC St. Gallen,FC Lausanne-Sport,st. gallen,lausanne-sport,,,1,12,12,61,23,16,93,75,57,1.17,,,,,2026-10-09 19:15,,,,
2026-10-11,16:30,FC Vaduz,FC Basel 1893,vaduz,basel 1893,vaduz.png,basel.png,2,12,12,22,28,50,93,75,68,1.21,,,,,2026-10-09 19:15,,,,
2026-10-11,16:30,Hacken,Orgryte,hacken,orgryte,hacken.png,orgryte.png,1,1X,1X,66,20,14,94,70,58,1.06,,,,,2026-10-09 19:15,,,,
2026-10-11,16:30,Rio Ave,Nacional,rio ave,nacional,rio-ave.png,nacional.png,1X,1X,1X,43,32,25,83,52,52,1.38,,,,,2026-10-09 19:15,,,,
2026-10-11,17:00,Aalesund,Sarpsborg 08 FF,aalesund,sarpsborg 08 ff,,,X,X2,X2,36,38,26,90,67,68,1.5,,,,,2026-10-09 19:15,,,,
2026-10-11,17:00,Anorthosis,Pafos FC,anorthosis,pafos,anorthosis.png,pafos.png,2,12,12,23,27,50,81,52,50,1.18,,,,,2026-10-09 19:15,,,,
2026-10-11,17:00,Arosa SC,Bergantinos,arosa,bergantinos,arosa.png,bergantinos.png,2,12,12,27,28,45,76,54,54,1.25,,,,,2026-10-09 19:15,,,,
2026-10-11,17:00,Asane,Sogndal,asane,sogndal,asane-fotball.png,sogndal-fotball.png,X,1X,1X,40,37,23,93,77,72,1.48,,,,,2026-10-09 19:15,,,,
2026-10-11,17:00,Coruxo,Compostela,coruxo,compostela,coruxo.png,compostela.png,1X,1X,1X,41,36,23,75,44,52,1.18,,,,,2026-10-09 19:15,,,,
2026-10-11,17:00,Egersund,Hodd,egersund,hodd,egersunds-ik.png,hodd.png,1,12,12,46,27,27,84,70,58,1.18,,,,,2026-10-09 19:15,,,,
2026-10-11,17:00,FK Partizan,Novi Pazar,partizan,novi pazar,partizan.png,novi-pazar.png,1,1,1,57,23,20,92,68,54,1.6,,,,,2026-10-09 19:15,,,,
2026-10-11,17:00,IK Brage,Helsingborg,ik brage,helsingborg,,,X2,X2,X2,37,33,30,90,65,67,1.53,,,,,2026-10-09 19:15,,,,
2026-10-11,17:00,Kongsvinger,Ranheim,kongsvinger,ranheim,kongsvinger.png,ranheim-fotball.png,1,12,12,55,25,20,94,84,78,1.14,,,,,2026-10-09 19:15,,,,
2026-10-11,17:00,Lask Linz,Rapid Vienna,lask linz,rapid vienna,,,12,12,12,51,19,30,91,71,64,1.22,,,,,2026-10-09 19:15,,,,
2026-10-11,17:00,Lyn,Stromsgodset,lyn,stromsgodset,lyn.png,stromsgodset-toppfotball.png,2,2,2,23,22,55,95,80,67,1.54,,,,,2026-10-09 19:15,,,,
2026-10-11,17:00,Olympiacos Piraeus B,Asteras Tripolis B,olympiacos piraeus b,asteras tripolis b,,,1,1X,1X,42,29,29,77,50,47,1.26,,,,,2026-10-09 19:15,,,,
2026-10-11,17:00,Raufoss,Moss,raufoss,moss,raufoss-il.png,moss.png,2,12,12,31,24,45,92,75,67,1.22,,,,,2026-10-09 19:15,,,,
2026-10-11,17:00,Sandnes ULF,Haugesund,sandnes ulf,haugesund,sandnes-ulf.png,haugesund.png,2,2,2,22,21,57,93,74,65,1.57,,,,,2026-10-09 19:15,,,,
2026-10-11,17:00,Stabaek,Strommen,stabaek,strommen,stabaek.png,strommen.png,1,1,1,64,20,16,95,81,72,1.37,,,,,2026-10-09 19:15,,,,
2026-10-11,17:00,Start,Ham-Kam,start,ham-kam,,,1,12,12,45,26,29,89,66,60,1.26,,,,,2026-10-09 19:15,,,,
2026-10-11,17:00,UCAM Murcia,Alcoyano,ucam murcia,alcoyano,ucam-murcia.png,alcoyano.png,12,12,12,43,27,30,70,47,43,1.28,,,,,2026-10-09 19:15,,,,
2026-10-11,17:15,Padova,Carrarese,padova,carrarese,padova.png,carrarese.png,1,1,1,50,29,21,73,42,51,1.96,,,,,2026-10-09 19:15,,,,
2026-10-11,17:15,Rennes,Auxerre,rennes,auxerre,stade-rennais.png,aj-auxerre.png,1,12,12,58,24,18,82,63,65,1.2,,,,,2026-10-09 19:15,,,,
2026-10-11,17:30,AC Trento,Folgore Caratese,trento,folgore caratese,trento.png,folgore-caratese.png,1,1,1,56,29,15,68,48,44,1.55,,,,,2026-10-09 19:15,,,,
2026-10-11,17:30,Forli,Livorno,forli,livorno,forli.png,livorno.png,X,1X,1X,37,37,26,86,47,53,1.34,,,,,2026-10-09 19:15,,,,
2026-10-11,17:30,Lecco,ASD Alcione,lecco,asd alcione,,,X,X,X,39,38,23,65,43,50,3.2,,,,,2026-10-09 19:15,,,,
2026-10-11,17:30,NK Brinje Grosuplje,Maribor,nk brinje grosuplje,maribor,,,2,X2,X2,23,27,50,89,70,59,1.14,,,,,2026-10-09 19:15,,,,
2026-10-11,17:30,Perugia,Vado,perugia,vado,perugia.png,vado.png,1,1X,1X,55,23,22,75,57,43,1.11,,,,,2026-10-09 19:15,,,,
2026-10-11,17:30,SC Freiburg,FC Schalke 04,freiburg,schalke 04,freiburg.png,schalke-04.png,1,12,12,54,23,23,91,71,57,1.28,,,,,2026-10-09 19:15,,,,
2026-10-11,17:30,Treviso,Ospitaletto,treviso,ospitaletto,treviso-fbc.png,ospitaletto-franciacorta.png,X,1X,1X,38,33,29,70,47,47,1.26,,,,,2026-10-09 19:15,,,,
2026-10-11,18:00,Aris Thessalonikis,Volos NPS,aris thessalonikis,volos nps,,,1,1,1,68,23,9,85,58,47,1.5,,,,,2026-10-09 19:15,,,,
2026-10-11,18:00,Atletico Sanluqueno,Recreativo Huelva,atletico sanluqueno,recreativo huelva,,,X2,X2,X2,26,33,41,66,36,39,1.19,,,,,2026-10-09 19:15,,,,
2026-10-11,18:00,Besiktas,Kocaelispor,besiktas,kocaelispor,besiktas.png,kocaelispor.png,1,1,1,72,17,11,89,71,47,1.27,,,,,2026-10-09 19:15,,,,
2026-10-11,18:00,Bursaspor,Mardinspor,bursaspor,mardinspor,,,1,1,1,53,28,19,85,59,41,1.64,,,,,2026-10-09 19:15,,,,
2026-10-11,18:00,Cp Mijas-las Lagunas,Sevilla Atletico,cp mijas-las lagunas,sevilla atletico,,,1,1,1,43,29,28,69,46,45,2.49,,,,,2026-10-09 19:15,,,,
2026-10-11,18:00,FC Midtjylland,FC Copenhagen,midtjylland,copenhagen,midtjylland.png,copenhagen.png,1,12,12,47,28,25,82,65,55,1.26,,,,,2026-10-09 19:15,,,,
2026-10-11,18:00,La Nucia,CF Lorca Deportiva,la nucia,lorca deportiva,la-nucia.png,lorca-deportiva.png,1,1,1,59,25,16,67,44,42,1.87,,,,,2026-10-09 19:15,,,,
2026-10-11,18:00,Nocerina,Brindisi,nocerina,brindisi,nocerina.png,brindisi.png,1X,1,1X,49,33,18,77,48,50,,,,,,2026-10-09 19:15,,,,
2026-10-11,18:00,Sakaryaspor,Iskenderun FK,sakaryaspor,iskenderun,,,1,1,1,79,16,5,93,60,39,1.08,,,,,2026-10-09 19:15,,,,
2026-10-11,18:00,Sparta Praha,Pardubice,sparta praha,pardubice,sparta-praha.png,pardubice.png,1,1X,1X,63,21,16,92,75,57,1.04,,,,,2026-10-09 19:15,,,,
2026-10-11,18:00,UE Olot,Terrassa,ue olot,terrassa,olot.png,terrassa.png,X2,X2,X2,37,30,33,65,45,41,1.47,,,,,2026-10-09 19:15,,,,
2026-10-11,18:30,Betis,Osasuna,betis,osasuna,real-betis-balompie.png,osasuna.png,1,1,1,63,24,13,78,57,53,1.6,,,,,2026-10-09 19:15,,,,
2026-10-11,18:30,Mallorca,Las Palmas,mallorca,las palmas,rcd-mallorca.png,las-palmas.png,1,12,12,54,25,21,89,57,53,1.23,,,,,2026-10-09 19:15,,,,
2026-10-11,19:00,Benfica,Guimaraes,benfica,guimaraes,,,1,1,1,71,21,8,94,68,51,1.22,,,,,2026-10-09 19:15,,,,
2026-10-11,19:00,CSKA 1948,CSKA Sofia,cska 1948,cska sofia,,,2,12,12,32,29,39,82,57,53,1.28,,,,,2026-10-09 19:15,,,,
2026-10-11,19:00,Gyori Eto FC,Puskas Academy,gyori eto,puskas academy,,,1,12,12,44,29,27,85,66,64,1.22,,,,,2026-10-09 19:15,,,,
2026-10-11,19:00,Zamalek SC,Al Ahly Cairo,zamalek,al ahly cairo,,,2,12,12,33,26,41,83,55,44,1.26,,,,,2026-10-09 19:15,,,,
2026-10-11,19:15,KV Mechelen,St Truiden,kv mechelen,st truiden,,,2,X2,X2,30,27,43,83,62,58,1.34,,,,,2026-10-09 19:15,,,,
2026-10-11,19:30,Fortuna Dusseldorf,SC Verl,fortuna dusseldorf,verl,fortuna-dusseldorf.png,verl.png,1,1,1,57,19,24,90,71,57,1.71,,,,,2026-10-09 19:15,,,,
2026-10-11,19:30,Modena,Verona,modena,verona,modena.png,hellas-verona.png,1,1X,1X,52,25,23,86,66,58,1.23,,,,,2026-10-09 19:15,,,,
2026-10-11,20:00,Cerro Largo,Albion FC,cerro largo,albion,cerro-largo.png,albion.png,1X,1X,1X,43,33,24,82,44,45,1.32,,,,,2026-10-09 19:15,,,,
2026-10-11,20:00,Coquimbo,Colo Colo,coquimbo,colo colo,,,X2,2,X2,25,33,42,87,58,50,2.17,,,,,2026-10-09 19:15,,,,
2026-10-11,20:00,Farul Constanta,Petrolul Ploiesti,farul constanta,petrolul ploiesti,farul-constanta.png,petrolul-ploiesti.png,1X,1X,1X,49,34,17,75,50,59,1.25,,,,,2026-10-09 19:15,,,,
2026-10-11,20:00,Olympiakos Piraeus,Panathinaikos,olympiakos piraeus,panathinaikos,,,1,12,12,50,27,23,73,48,51,1.31,,,,,2026-10-09 19:15,,,,
2026-10-11,20:15,Legia Warszawa,Wisla Krakow,legia warszawa,wisla krakow,legia-warszawa.png,wisla-krakow.png,1X,1,1X,46,31,23,88,62,65,1.96,,,,,2026-10-09 19:15,,,,
2026-10-11,20:45,Cagliari,Juventus,cagliari,juventus,cagliari.png,juventus.png,2,12,12,24,27,49,69,43,37,1.28,,,,,2026-10-09 19:15,,,,
2026-10-11,21:00,Atletico Mineiro,Santos,atletico mineiro,santos,atletico-mineiro.png,santos.png,1,12,12,50,29,21,77,56,58,1.31,,,,,2026-10-09 19:15,,,,
2026-10-11,21:15,Breidablik,Keflavik,breidablik,keflavik,breidablik.png,keflavik.png,1,12,12,53,24,23,91,78,73,1.19,,,,,2026-10-09 19:15,,,,
2026-10-11,21:15,Vikingur Reykjavik,IA Akranes,vikingur reykjavik,ia akranes,vikingur-r.png,ia-akranes.png,1,1,1,66,21,13,89,78,71,1.43,,,,,2026-10-09 19:15,,,,
2026-10-11,21:30,Arouca,Estrela Da Amadora,arouca,estrela da amadora,arouca.png,estrela-amadora.png,1,1,1,48,29,23,86,69,64,2.14,,,,,2026-10-09 19:15,,,,
2026-10-11,22:00,Rubio Nu,Olimpia,rubio nu,olimpia,rubio-nu.png,olimpia.png,2,2,2,21,28,51,77,53,51,1.74,,,,,2026-10-09 19:15,,,,
2026-10-11,22:30,Deportes Concepcion,Union La Calera,deportes concepcion,union la calera,deportes-concepcion.png,union-la-calera.png,1,12,12,49,28,23,83,46,35,1.25,,,,,2026-10-09 19:15,,,,
2026-10-11,22:30,Flamengo,Fluminense,flamengo,fluminense,flamengo.png,fluminense.png,1,1,1,63,29,8,83,53,52,1.55,,,,,2026-10-09 19:15,,,,
2026-10-11,22:30,Gremio,Internacional,gremio,internacional,gremio.png,internacional.png,1X,1,1X,48,32,20,75,52,57,2.79,,,,,2026-10-09 19:15,,,,
2026-10-11,22:30,Palmeiras,Corinthians,palmeiras,corinthians,palmeiras.png,corinthians.png,1,1,1,60,28,12,74,42,45,1.59,,,,,2026-10-09 19:15,,,,
2026-10-11,22:30,Sport Boys,Alianza Atletico,sport boys,alianza atletico,sport-boys.png,alianza-atletico.png,1,12,12,45,28,27,70,48,50,1.26,,,,,2026-10-09 19:15,,,,
2026-10-11,23:30,Caracas FC,Zamora FC,caracas,zamora,caracas.png,zamora.png,1X,1X,1X,47,32,21,73,44,46,1.09,,,,,2026-10-09 19:15,,,,
2026-10-12,00:00,Barranquilla,Quindio,barranquilla,quindio,,,X2,X,X2,28,35,37,80,41,44,2.8,,,,,2026-10-09 19:15,,,,
2026-10-12,00:00,Monagas SC,Estudiantes FC,monagas,estudiantes,,,1,1,1,45,29,26,71,48,50,2.07,,,,,2026-10-09 19:15,,,,
2026-10-12,00:30,Bahia,Mirassol,bahia,mirassol,bahia.png,mirassol.png,1X,1,1X,53,31,16,81,51,62,1.73,,,,,2026-10-09 19:15,,,,
2026-10-12,01:00,Atletico San Luis,Santos Laguna,atletico san luis,santos laguna,,,1,1,1,47,26,27,88,57,57,1.92,,,,,2026-10-09 19:15,,,,
2026-10-12,01:00,Deportes Limache,Palestino,deportes limache,palestino,deportes-limache.png,palestino.png,12,12,12,44,23,33,90,69,61,1.2,,,,,2026-10-09 19:15,,,,
2026-10-12,01:00,St. Louis City,Los Angeles Galaxy,st. louis city,los angeles galaxy,st-louis-city.png,la-galaxy.png,1,1,1,59,25,16,92,80,72,1.57,,,,,2026-10-09 19:15,,,,
2026-10-12,01:10,Pachuca,Necaxa,pachuca,necaxa,pachuca.png,necaxa.png,1,1X,1X,52,28,20,85,57,64,1.16,,,,,2026-10-09 19:15,,,,
2026-10-12,01:30,Alianza,Inter Fa,alianza,inter fa,alianza.png,inter-fa.png,X,X,X,36,37,27,86,58,53,3.12,,,,,2026-10-09 19:15,,,,
2026-10-12,03:15,America De Cali,Independiente Medellin,america de cali,independiente medellin,america-de-cali.png,independiente-medellin.png,1,1,1,51,26,23,76,53,54,1.77,,,,,2026-10-09 19:15,,,,
2026-10-12,03:15,U.N.A.M. - Pumas,Cruz Azul,u.n.a.m. - pumas,cruz azul,,,2,X2,X2,30,28,42,82,64,63,1.27,,,,,2026-10-09 19:15,,,,
2026-10-12,13:45,Panionios,Paok B,panionios,paok b,panionios.png,paok-b.png,1,1,1,59,24,17,74,44,29,1.39,,,,,2026-10-09 19:15,,,,
2026-10-12,14:00,Valladolid,Albacete,valladolid,albacete,real-valladolid.png,albacete-balompie.png,1,1,1,50,27,23,82,50,45,2,,,,,2026-10-09 19:15,,,,
2026-10-12,16:00,FUTURE FC,ENPPI,future,enppi,,,1X,1X,1X,43,36,21,79,48,36,1.18,,,,,2026-10-09 19:15,,,,
2026-10-12,17:00,Dukla Praha,Banik Ostrava B,dukla praha,banik ostrava b,dukla-praha.png,banik-ostrava-b.png,12,2,12,44,24,32,89,67,56,3.67,,,,,2026-10-09 19:15,,,,
2026-10-12,18:00,A. E. Kition Larnaca,Omonia Aradippou,a. e. kition larnaca,omonia aradippou,,,1,12,12,57,25,18,87,55,45,1.16,,,,,2026-10-09 19:15,,,,
2026-10-12,18:00,AC Oulu,HJK Helsinki,oulu,hjk helsinki,oulu.png,hjk-helsinki.png,2,X2,X2,30,27,43,80,52,40,1.2,,,,,2026-10-09 19:15,,,,
2026-10-12,18:00,Radomiak Radom,Motor Lublin,radomiak radom,motor lublin,radomiak-radom.png,motor-lublin.png,X,1X,1X,39,32,29,93,76,72,1.43,,,,,2026-10-09 19:15,,,,
2026-10-12,18:00,Stal Rzeszow,Lechia Gdansk,stal rzeszow,lechia gdansk,stal-rzeszow.png,lechia-gdansk.png,12,12,12,42,22,36,93,77,67,1.2,,,,,2026-10-09 19:15,,,,
2026-10-12,18:30,Atalanta,Unione Venezia,atalanta,unione venezia,,,1,1X,1X,56,28,16,92,66,61,1.18,,,,,2026-10-09 19:15,,,,
2026-10-12,18:30,Oviedo,Eibar,oviedo,eibar,real-oviedo.png,sd-eibar.png,X2,X2,X2,34,32,34,85,55,48,1.7,,,,,2026-10-09 19:15,,,,
2026-10-12,19:00,Benfica B,Felgueiras,benfica b,felgueiras,benfica-b.png,felgueiras.png,1X,1X,1X,41,31,28,65,42,48,1.28,,,,,2026-10-09 19:15,,,,
2026-10-12,19:00,Eyupspor,Goztepe,eyupspor,goztepe,eyupspor.png,goztepe.png,2,12,12,33,24,43,89,62,53,1.28,,,,,2026-10-09 19:15,,,,
2026-10-12,19:00,IF Elfsborg,Halmstad,elfsborg,halmstad,elfsborg.png,halmstads.png,1,1,1,65,24,11,90,59,55,1.32,,,,,2026-10-09 19:15,,,,
2026-10-12,19:00,Malmo FF,Kalmar FF,malmo ff,kalmar ff,malmo-ff.png,kalmar-ff.png,1,12,12,49,27,24,81,59,50,1.24,,,,,2026-10-09 19:15,,,,
2026-10-12,19:00,Pyramids FC,Ceramica Cleopatra,pyramids,ceramica cleopatra,,,1,1X,1X,55,25,20,88,55,54,1.07,,,,,2026-10-09 19:15,,,,
2026-10-12,19:00,Smouha SC,Ghazl El-Mahalla,smouha,ghazl el-mahalla,,,1X,1X,1X,42,32,26,71,34,32,1.16,,,,,2026-10-09 19:15,,,,
2026-10-12,20:30,Barletta,Cavese,barletta,cavese,barletta.png,cavese.png,1X,1,1X,42,32,26,81,53,56,2.15,,,,,2026-10-09 19:15,,,,
2026-10-12,20:30,Dospel Katowice,Wieczysta Krakow,dospel katowice,wieczysta krakow,,,1,12,12,51,29,20,91,70,72,1.25,,,,,2026-10-09 19:15,,,,
2026-10-12,20:45,Torino,Udinese,torino,udinese,torino.png,udinese.png,1,1X,1X,44,27,29,70,44,50,1.38,,,,,2026-10-09 19:15,,,,
2026-10-12,21:15,Famalicao,Alverca,famalicao,alverca,famalicao.png,alverca.png,1X,1,1X,43,33,24,86,51,55,1.88,,,,,2026-10-09 19:15,,,,
2026-10-12,22:00,U. De Chile,Nublense,u. de chile,nublense,,,1,12,12,66,22,12,77,51,46,1.17,,,,,2026-10-09 19:15,,,,
2026-10-13,00:20,Club Nacional,Recoleta,club nacional,recoleta,,,1,1,1,59,27,14,88,60,51,1.59,,,,,2026-10-09 19:15,,,,
2026-10-13,00:30,Chapecoense,Atletico Paranaense,chapecoense,atletico paranaense,chapecoense.png,athletico-paranaense.png,X2,X,X2,28,30,42,81,61,53,3.48,,,,,2026-10-09 19:15,,,,
